LocationAbbr,YearStart,Topic,hospitalization,mortality,prevalence,hospitalization_lo,mortality_lo,prevalence_lo,hospitalization_hi,mortality_hi,prevalence_hi
AK,2019,Asthma,,,10.5,,,8.9,,,12.4
AK,2019,Cardiovascular Disease,9.8,129.7,32.8,9.05,120.5,30.4,10.55,138.9,35.3
AK,2019,Chronic Obstructive Pulmonary Disease,3.66,81.7,4.6,3.2,69.4,3.7,4.12,93.9,5.6
AK,2019,Diabetes,,45.8,7.2,,40.4,6.1,,51.2,8.5
AK,2020,Asthma,,,9.8,,,8.4,,,11.5
AK,2020,Cardiovascular Disease,8.69,139.8,,8.0,130.4,,9.38,149.3,
AK,2020,Chronic Obstructive Pulmonary Disease,1.64,81.8,4.6,1.35,69.5,3.8,1.94,94.1,5.5
AK,2020,Diabetes,,65.8,7.4,,59.5,6.4,,72.2,8.6
AK,2021,Asthma,,,9.9,,,8.8,,,11.2
AK,2021,Cardiovascular Disease,9.53,154.7,29.9,8.81,144.6,28.3,10.24,164.8,31.6
AK,2021,Chronic Obstructive Pulmonary Disease,1.6,93.1,5.5,1.32,80.0,4.7,1.87,106.1,6.3
AK,2021,Diabetes,,74.8,8.1,,68.1,7.2,,81.6,9.2
AK,2022,Asthma,,,10.7,,,9.6,,,11.9
AK,2022,Cardiovascular Disease,9.51,145.7,,8.83,136.3,,10.2,155.1,
AK,2022,Chronic Obstructive Pulmonary Disease,2.02,81.4,5.4,1.71,69.6,4.7,2.32,93.2,6.2
AK,2022,Diabetes,,65.4,8.5,,59.2,7.6,,71.6,9.4
AK,2023,Asthma,,,10.9,,,9.7,,,12.1
AK,2023,Cardiovascular Disease,,,32.6,,,31.1,,,34.2
AK,2023,Chronic Obstructive Pulmonary Disease,,,5.6,,,4.8,,,6.5
AK,2023,Diabetes,,,8.2,,,7.4,,,9.2
AL,2019,Asthma,,1.1,10.3,,0.8,9.2,,1.4,11.4
AL,2019,Cardiovascular Disease,31.2,219.6,39.4,30.69,215.8,38.1,31.72,223.4,40.8
AL,2019,Chronic Obstructive Pulmonary Disease,14.93,154.5,9.3,14.58,149.3,8.4,15.28,159.7,10.3
AL,2019,Diabetes,,52.6,12.4,,50.7,11.5,,54.4,13.2
AL,2020,Asthma,,1.2,9.7,,0.9,8.7,,1.6,10.9
AL,2020,Cardiovascular Disease,25.75,237.5,,25.28,233.6,,26.23,241.4,
AL,2020,Chronic Obstructive Pulmonary Disease,9.01,147.0,8.9,8.73,142.0,7.9,9.28,152.1,10.0
AL,2020,Diabetes,,73.7,13.1,,71.5,12.1,,75.9,14.3
AL,2021,Asthma,,1.2,10.7,,0.9,9.4,,1.5,12.1
AL,2021,Cardiovascular Disease,30.03,247.5,39.4,29.5,243.5,37.6,30.56,251.6,41.2
AL,2021,Chronic Obstructive Pulmonary Disease,8.27,140.8,8.6,7.99,135.9,7.6,8.54,145.8,9.8
AL,2021,Diabetes,,82.9,13.5,,80.6,12.3,,85.2,14.8
AL,2022,Asthma,,0.8,9.7,,0.6,8.5,,1.1,11.0
AL,2022,Cardiovascular Disease,31.33,234.2,,30.78,230.4,,31.88,238.1,
AL,2022,Chronic Obstructive Pulmonary Disease,8.5,130.5,8.3,8.22,125.8,7.4,8.79,135.1,9.4
AL,2022,Diabetes,,74.7,13.6,,72.6,12.4,,76.8,14.9
AL,2023,Asthma,,,8.9,,,7.7,,,10.1
AL,2023,Cardiovascular Disease,,,41.0,,,39.1,,,42.9
AL,2023,Chronic Obstructive Pulmonary Disease,,,8.0,,,7.0,,,9.1
AL,2023,Diabetes,,,14.0,,,12.7,,,15.3
AR,2019,Asthma,,1.1,10.1,,0.8,8.9,,1.6,11.4
AR,2019,Cardiovascular Disease,23.48,226.5,38.2,22.98,221.6,36.5,23.98,231.3,40.0
AR,2019,Chronic Obstructive Pulmonary Disease,8.67,167.1,9.7,8.36,160.2,8.7,8.97,173.9,10.8
AR,2019,Diabetes,,82.5,12.3,,79.6,11.2,,85.4,13.4
AR,2020,Asthma,,1.1,9.6,,0.7,8.5,,1.5,10.9
AR,2020,Cardiovascular Disease,19.96,222.5,,19.5,217.7,,20.42,227.3,
AR,2020,Chronic Obstructive Pulmonary Disease,5.28,168.4,8.1,5.04,161.6,7.2,5.51,175.3,9.0
AR,2020,Diabetes,,104.7,11.9,,101.4,10.9,,107.9,13.0
AR,2021,Asthma,,1.1,10.1,,0.8,8.8,,1.5,11.6
AR,2021,Cardiovascular Disease,22.09,231.0,37.6,21.59,226.0,35.8,22.59,236.0,39.4
AR,2021,Chronic Obstructive Pulmonary Disease,5.09,170.9,8.7,4.86,163.8,7.8,5.33,177.9,9.8
AR,2021,Diabetes,,120.4,11.0,,116.8,10.0,,124.0,12.0
AR,2022,Asthma,,0.9,10.4,,0.6,9.3,,1.3,11.6
AR,2022,Cardiovascular Disease,21.53,224.1,,21.04,219.3,,22.02,228.9,
AR,2022,Chronic Obstructive Pulmonary Disease,5.34,166.3,8.9,5.09,159.5,8.0,5.58,173.1,9.9
AR,2022,Diabetes,,107.7,14.1,,104.4,13.0,,111.0,15.3
AR,2023,Asthma,,,10.0,,,8.9,,,11.3
AR,2023,Cardiovascular Disease,,,39.3,,,37.6,,,41.0
AR,2023,Chronic Obstructive Pulmonary Disease,,,8.0,,,7.2,,,9.0
AR,2023,Diabetes,,,13.1,,,12.0,,,14.3
AZ,2019,Asthma,,1.1,10.5,,0.9,9.4,,1.3,11.7
AZ,2019,Cardiovascular Disease,20.61,134.0,29.9,20.25,131.6,28.4,20.97,136.3,31.5
AZ,2019,Chronic Obstructive Pulmonary Disease,6.15,104.8,6.0,5.96,101.3,5.3,6.35,108.3,6.9
AZ,2019,Diabetes,,59.4,9.9,,57.8,8.9,,61.0,10.9
AZ,2020,Asthma,,1.5,10.2,,1.2,9.4,,1.7,11.1
AZ,2020,Cardiovascular Disease,16.74,144.8,,16.42,142.3,,17.06,147.2,
AZ,2020,Chronic Obstructive Pulmonary Disease,4.2,99.7,5.4,4.04,96.4,4.8,4.36,103.0,6.0
AZ,2020,Diabetes,,83.2,9.9,,81.3,9.1,,85.0,10.7
AZ,2021,Asthma,,1.0,10.0,,0.8,9.3,,1.3,10.9
AZ,2021,Cardiovascular Disease,19.38,158.3,28.0,19.04,155.7,26.9,19.73,160.9,29.1
AZ,2021,Chronic Obstructive Pulmonary Disease,3.67,101.3,5.1,3.52,97.9,4.5,3.82,104.7,5.6
AZ,2021,Diabetes,,94.9,9.8,,92.8,9.1,,96.9,10.6
AZ,2022,Asthma,,1.1,9.8,,0.8,8.8,,1.3,10.8
AZ,2022,Cardiovascular Disease,19.62,148.5,,19.27,146.1,,19.96,151.0,
AZ,2022,Chronic Obstructive Pulmonary Disease,4.2,96.7,5.9,4.04,93.5,5.3,4.35,100.0,6.7
AZ,2022,Diabetes,,77.9,11.4,,76.1,10.4,,79.7,12.4
AZ,2023,Asthma,,,10.4,,,9.4,,,11.3
AZ,2023,Cardiovascular Disease,,,30.0,,,28.8,,,31.2
AZ,2023,Chronic Obstructive Pulmonary Disease,,,4.9,,,4.4,,,5.4
AZ,2023,Diabetes,,,9.9,,,9.2,,,10.7
CA,2019,Asthma,,0.9,8.3,,0.8,7.7,,1.0,9.0
CA,2019,Cardiovascular Disease,25.23,136.9,26.6,25.04,135.8,25.7,25.42,137.9,27.6
CA,2019,Chronic Obstructive Pulmonary Disease,7.12,79.7,4.2,7.02,78.3,3.8,7.22,81.1,4.7
CA,2019,Diabetes,,72.9,9.5,,72.1,8.9,,73.7,10.2
CA,2020,Asthma,,1.0,9.9,,0.9,8.8,,1.1,11.2
CA,2020,Cardiovascular Disease,20.29,144.0,,20.12,142.9,,20.46,145.1,
CA,2020,Chronic Obstructive Pulmonary Disease,4.15,76.7,5.1,4.07,75.4,4.3,4.23,78.1,6.0
CA,2020,Diabetes,,98.7,9.3,,97.8,8.3,,99.6,10.5
CA,2021,Asthma,,0.8,9.4,,0.7,8.5,,0.9,10.4
CA,2021,Cardiovascular Disease,22.64,147.8,26.3,22.46,146.7,25.0,22.82,149.0,27.6
CA,2021,Chronic Obstructive Pulmonary Disease,3.47,71.6,4.4,3.39,70.2,3.8,3.54,72.9,5.0
CA,2021,Diabetes,,106.5,10.9,,105.5,10.0,,107.4,12.0
CA,2022,Asthma,,0.9,8.7,,0.8,7.9,,1.0,9.5
CA,2022,Cardiovascular Disease,23.61,142.4,,23.42,141.3,,23.79,143.5,
CA,2022,Chronic Obstructive Pulmonary Disease,4.05,70.2,4.4,3.98,69.0,3.9,4.13,71.5,4.9
CA,2022,Diabetes,,89.3,10.7,,88.4,9.8,,90.1,11.6
CA,2023,Asthma,,,8.8,,,8.0,,,9.6
CA,2023,Cardiovascular Disease,,,28.9,,,27.8,,,30.1
CA,2023,Chronic Obstructive Pulmonary Disease,,,3.9,,,3.5,,,4.4
CA,2023,Diabetes,,,10.6,,,9.8,,,11.4
CO,2019,Asthma,,0.9,10.7,,0.7,10.0,,1.1,11.6
CO,2019,Cardiovascular Disease,19.66,127.7,24.6,19.21,124.8,23.6,20.12,130.6,25.5
CO,2019,Chronic Obstructive Pulmonary Disease,4.61,113.7,4.3,4.39,109.1,3.8,4.82,118.3,4.7
CO,2019,Diabetes,,72.7,6.6,,70.5,6.1,,74.9,7.2
CO,2020,Asthma,,0.9,10.5,,0.7,9.7,,1.2,11.2
CO,2020,Cardiovascular Disease,16.05,128.1,,15.64,125.3,,16.46,131.0,
CO,2020,Chronic Obstructive Pulmonary Disease,2.98,108.9,4.3,2.8,104.5,3.9,3.15,113.3,4.7
CO,2020,Diabetes,,91.0,7.1,,88.6,6.6,,93.4,7.6
CO,2021,Asthma,,0.8,11.2,,0.6,10.5,,1.0,12.0
CO,2021,Cardiovascular Disease,18.66,135.1,24.7,18.22,132.1,23.8,19.1,138.1,25.6
CO,2021,Chronic Obstructive Pulmonary Disease,2.68,104.5,4.8,2.52,100.1,4.3,2.85,109.0,5.3
CO,2021,Diabetes,,102.2,6.5,,99.7,6.0,,104.8,7.1
CO,2022,Asthma,,0.9,10.9,,0.7,10.1,,1.2,11.8
CO,2022,Cardiovascular Disease,18.56,131.4,,18.13,128.5,,19.0,134.2,
CO,2022,Chronic Obstructive Pulmonary Disease,3.15,105.4,4.9,2.98,101.1,4.4,3.33,109.7,5.5
CO,2022,Diabetes,,91.0,7.6,,88.7,6.9,,93.4,8.3
CO,2023,Asthma,,,11.4,,,10.5,,,12.3
CO,2023,Cardiovascular Disease,,,25.8,,,24.7,,,26.8
CO,2023,Chronic Obstructive Pulmonary Disease,,,4.3,,,3.8,,,4.8
CO,2023,Diabetes,,,8.0,,,7.3,,,8.7
CT,2019,Asthma,,1.0,11.4,,0.7,10.4,,1.4,12.5
CT,2019,Cardiovascular Disease,32.35,143.1,27.6,31.74,139.8,26.5,32.96,146.4,28.8
CT,2019,Chronic Obstructive Pulmonary Disease,7.71,76.3,4.6,7.41,72.2,4.1,8.01,80.4,5.2
CT,2019,Diabetes,,44.4,8.3,,42.5,7.6,,46.3,9.0
CT,2020,Asthma,,1.0,11.7,,0.7,10.6,,1.4,12.9
CT,2020,Cardiovascular Disease,27.22,138.4,,26.65,135.1,,27.79,141.7,
CT,2020,Chronic Obstructive Pulmonary Disease,4.95,66.3,4.6,4.7,62.5,4.0,5.19,70.1,5.2
CT,2020,Diabetes,,60.3,8.3,,58.0,7.5,,62.5,9.1
CT,2021,Asthma,,0.8,11.4,,0.6,10.4,,1.2,12.4
CT,2021,Cardiovascular Disease,32.77,136.7,28.2,32.13,133.4,26.9,33.4,140.0,29.4
CT,2021,Chronic Obstructive Pulmonary Disease,5.11,64.8,4.5,4.86,61.0,4.0,5.37,68.7,5.1
CT,2021,Diabetes,,47.8,9.4,,45.8,8.6,,49.8,10.2
CT,2022,Asthma,,0.9,12.5,,0.6,11.5,,1.2,13.6
CT,2022,Cardiovascular Disease,32.85,137.8,,32.21,134.5,,33.5,141.1,
CT,2022,Chronic Obstructive Pulmonary Disease,6.21,65.9,5.0,5.92,62.1,4.4,6.49,69.7,5.7
CT,2022,Diabetes,,46.5,9.2,,44.5,8.4,,48.4,10.1
CT,2023,Asthma,,,11.0,,,10.0,,,12.1
CT,2023,Cardiovascular Disease,,,28.5,,,27.2,,,29.9
CT,2023,Chronic Obstructive Pulmonary Disease,,,4.2,,,3.6,,,4.9
CT,2023,Diabetes,,,8.4,,,7.6,,,9.3
DC,2019,Asthma,,,12.1,,,10.6,,,13.8
DC,2019,Cardiovascular Disease,25.76,169.5,29.1,24.5,159.7,27.4,27.02,179.2,31.0
DC,2019,Chronic Obstructive Pulmonary Disease,7.72,50.8,4.9,7.03,41.8,4.1,8.41,59.8,6.0
DC,2019,Diabetes,,74.2,9.5,,67.6,8.4,,80.8,10.7
DC,2020,Asthma,,,11.6,,,10.2,,,13.1
DC,2020,Cardiovascular Disease,21.19,187.7,,20.03,177.5,,22.34,197.8,
DC,2020,Chronic Obstructive Pulmonary Disease,5.26,52.5,4.6,4.68,43.6,3.7,5.84,61.4,5.6
DC,2020,Diabetes,,138.6,8.4,,129.8,7.3,,147.4,9.6
DC,2021,Asthma,,,12.7,,,11.0,,,14.5
DC,2021,Cardiovascular Disease,22.97,192.8,29.7,21.75,182.2,27.9,24.19,203.5,31.6
DC,2021,Chronic Obstructive Pulmonary Disease,5.15,40.6,4.8,4.58,32.7,4.0,5.73,49.8,5.7
DC,2021,Diabetes,,124.5,8.4,,116.0,7.3,,133.1,9.6
DC,2022,Asthma,,,11.0,,,9.6,,,12.5
DC,2022,Cardiovascular Disease,24.09,182.6,,22.84,172.3,,25.35,192.8,
DC,2022,Chronic Obstructive Pulmonary Disease,4.58,44.3,4.1,4.03,35.8,3.4,5.13,52.7,4.9
DC,2022,Diabetes,,95.6,8.8,,88.2,7.6,,103.0,10.1
DC,2023,Asthma,,,10.7,,,9.1,,,12.5
DC,2023,Cardiovascular Disease,,,31.2,,,29.2,,,33.3
DC,2023,Chronic Obstructive Pulmonary Disease,,,4.2,,,3.3,,,5.4
DC,2023,Diabetes,,,8.2,,,7.1,,,9.5
DE,2019,Asthma,,,10.9,,,9.4,,,12.6
DE,2019,Cardiovascular Disease,19.95,154.3,32.4,19.21,147.5,30.4,20.7,161.1,34.4
DE,2019,Chronic Obstructive Pulmonary Disease,8.72,97.6,7.3,8.23,88.6,6.3,9.2,106.6,8.5
DE,2019,Diabetes,,50.2,11.0,,46.3,9.8,,54.1,12.4
DE,2020,Asthma,,,11.4,,,9.9,,,13.0
DE,2020,Cardiovascular Disease,16.59,159.6,,15.92,152.7,,17.26,166.4,
DE,2020,Chronic Obstructive Pulmonary Disease,4.62,89.9,5.2,4.27,81.5,4.4,4.97,98.3,6.0
DE,2020,Diabetes,,85.8,10.6,,80.8,9.4,,90.8,12.0
DE,2021,Asthma,,,11.0,,,9.5,,,12.7
DE,2021,Cardiovascular Disease,18.66,162.7,32.0,17.94,155.7,30.1,19.38,169.7,34.0
DE,2021,Chronic Obstructive Pulmonary Disease,4.04,98.6,5.3,3.71,89.7,4.5,4.37,107.6,6.2
DE,2021,Diabetes,,94.5,10.0,,89.2,8.8,,99.8,11.3
DE,2022,Asthma,,,9.8,,,8.6,,,11.3
DE,2022,Cardiovascular Disease,17.56,156.8,,16.87,150.1,,18.25,163.4,
DE,2022,Chronic Obstructive Pulmonary Disease,4.4,85.6,6.3,4.05,77.6,5.4,4.74,93.6,7.3
DE,2022,Diabetes,,98.5,11.9,,93.2,10.7,,103.7,13.3
DE,2023,Asthma,,,11.4,,,9.9,,,13.1
DE,2023,Cardiovascular Disease,,,33.1,,,31.1,,,35.1
DE,2023,Chronic Obstructive Pulmonary Disease,,,5.7,,,4.8,,,6.6
DE,2023,Diabetes,,,11.1,,,9.8,,,12.6
FL,2019,Asthma,,0.8,7.9,,0.7,7.0,,0.9,8.8
FL,2019,Cardiovascular Disease,30.75,140.1,28.8,30.52,138.8,27.4,30.99,141.4,30.2
FL,2019,Chronic Obstructive Pulmonary Disease,12.18,97.1,6.6,12.03,95.3,5.9,12.33,98.9,7.3
FL,2019,Diabetes,,52.6,9.5,,51.8,8.7,,53.4,10.3
FL,2020,Asthma,,0.9,7.7,,0.8,6.8,,1.0,8.7
FL,2020,Cardiovascular Disease,26.03,143.1,,25.81,141.8,,26.25,144.4,
FL,2020,Chronic Obstructive Pulmonary Disease,7.7,92.5,6.2,7.58,90.8,5.4,7.81,94.2,7.0
FL,2020,Diabetes,,76.1,9.6,,75.2,8.6,,77.1,10.6
FL,2021,Asthma,,0.8,,,0.7,,,0.9,
FL,2021,Cardiovascular Disease,29.78,151.3,,29.54,150.0,,30.01,152.7,
FL,2021,Chronic Obstructive Pulmonary Disease,7.22,88.4,,7.1,86.7,,7.33,90.1,
FL,2021,Diabetes,,76.3,,,75.3,,,77.2,
FL,2022,Asthma,,0.7,9.3,,0.6,8.3,,0.8,10.5
FL,2022,Cardiovascular Disease,31.08,140.9,,30.84,139.7,,31.32,142.2,
FL,2022,Chronic Obstructive Pulmonary Disease,7.47,84.9,6.2,7.35,83.3,5.5,7.59,86.5,7.0
FL,2022,Diabetes,,64.2,9.6,,63.3,8.8,,65.0,10.6
FL,2023,Asthma,,,8.5,,,7.5,,,9.5
FL,2023,Cardiovascular Disease,,,30.1,,,28.6,,,31.7
FL,2023,Chronic Obstructive Pulmonary Disease,,,5.5,,,4.8,,,6.2
FL,2023,Diabetes,,,10.1,,,9.1,,,11.1
GA,2019,Asthma,,1.1,8.2,,0.9,7.3,,1.3,9.2
GA,2019,Cardiovascular Disease,31.08,175.5,33.0,30.69,173.0,31.5,31.47,178.0,34.5
GA,2019,Chronic Obstructive Pulmonary Disease,10.3,116.7,7.0,10.08,113.3,6.3,10.52,120.1,7.9
GA,2019,Diabetes,,64.5,11.3,,63.1,10.3,,66.0,12.3
GA,2020,Asthma,,1.1,9.4,,0.9,8.5,,1.3,10.5
GA,2020,Cardiovascular Disease,26.72,183.7,,26.35,181.2,,27.08,186.2,
GA,2020,Chronic Obstructive Pulmonary Disease,6.68,114.9,6.2,6.5,111.5,5.6,6.86,118.2,7.0
GA,2020,Diabetes,,84.2,10.8,,82.5,10.0,,85.9,11.6
GA,2021,Asthma,,0.9,10.8,,0.8,9.7,,1.1,11.9
GA,2021,Cardiovascular Disease,30.32,195.2,34.8,29.93,192.6,33.4,30.72,197.9,36.2
GA,2021,Chronic Obstructive Pulmonary Disease,6.6,114.4,6.2,6.42,111.0,5.5,6.79,117.8,7.0
GA,2021,Diabetes,,94.9,11.5,,93.1,10.6,,96.7,12.5
GA,2022,Asthma,,1.1,9.6,,0.9,8.6,,1.3,10.6
GA,2022,Cardiovascular Disease,32.45,183.9,,32.04,181.4,,32.86,186.3,
GA,2022,Chronic Obstructive Pulmonary Disease,6.85,108.9,6.6,6.66,105.7,6.0,7.03,112.1,7.3
GA,2022,Diabetes,,83.1,11.0,,81.5,10.3,,84.8,11.9
GA,2023,Asthma,,,9.4,,,8.4,,,10.4
GA,2023,Cardiovascular Disease,,,33.1,,,31.8,,,34.5
GA,2023,Chronic Obstructive Pulmonary Disease,,,5.6,,,5.0,,,6.3
GA,2023,Diabetes,,,11.5,,,10.7,,,12.3
GU,2019,Asthma,,,5.5,,,4.0,,,7.4
GU,2019,Cardiovascular Disease,,,33.3,,,30.6,,,36.0
GU,2019,Chronic Obstructive Pulmonary Disease,,,3.4,,,2.5,,,4.5
GU,2019,Diabetes,,,13.5,,,11.7,,,15.5
GU,2020,Asthma,,,5.5,,,4.0,,,7.7
GU,2020,Chronic Obstructive Pulmonary Disease,,,3.7,,,2.6,,,5.4
GU,2020,Diabetes,,,16.2,,,13.5,,,19.3
GU,2021,Asthma,,,5.0,,,3.7,,,6.7
GU,2021,Cardiovascular Disease,,,29.0,,,25.5,,,32.7
GU,2021,Diabetes,,,12.5,,,9.7,,,16.1
GU,2022,Asthma,,,6.8,,,5.0,,,9.2
GU,2022,Chronic Obstructive Pulmonary Disease,,,5.5,,,3.4,,,8.6
GU,2022,Diabetes,,,21.5,,,18.3,,,25.2
GU,2023,Asthma,,,6.1,,,4.4,,,8.4
GU,2023,Cardiovascular Disease,,,33.4,,,30.0,,,37.0
GU,2023,Chronic Obstructive Pulmonary Disease,,,3.4,,,2.5,,,4.7
GU,2023,Diabetes,,,16.2,,,13.8,,,18.9
HI,2019,Asthma,,1.4,10.5,,0.9,9.5,,2.1,11.5
HI,2019,Cardiovascular Disease,19.96,120.3,27.7,19.15,115.4,26.5,20.77,125.2,29.0
HI,2019,Chronic Obstructive Pulmonary Disease,5.51,44.5,4.0,5.08,39.6,3.4,5.93,49.5,4.6
HI,2019,Diabetes,,56.4,9.3,,52.9,8.6,,59.8,10.1
HI,2020,Asthma,,1.7,9.1,,1.1,8.2,,2.5,10.0
HI,2020,Cardiovascular Disease,15.93,125.0,,15.21,120.1,,16.66,130.0,
HI,2020,Chronic Obstructive Pulmonary Disease,2.98,43.9,3.2,2.67,39.1,2.7,3.29,48.7,3.7
HI,2020,Diabetes,,62.2,9.5,,58.7,8.7,,65.8,10.4
HI,2021,Asthma,,1.4,8.5,,0.9,7.7,,2.1,9.5
HI,2021,Cardiovascular Disease,17.92,126.5,26.4,17.16,121.5,25.2,18.69,131.4,27.7
HI,2021,Chronic Obstructive Pulmonary Disease,3.01,46.0,3.0,2.69,41.0,2.5,3.32,50.9,3.4
HI,2021,Diabetes,,66.9,8.1,,63.3,7.4,,70.6,9.0
HI,2022,Asthma,,1.3,9.3,,0.8,8.3,,1.9,10.3
HI,2022,Cardiovascular Disease,17.19,128.4,,16.44,123.6,,17.93,133.3,
HI,2022,Chronic Obstructive Pulmonary Disease,3.6,38.8,3.0,3.26,34.5,2.6,3.94,43.1,3.5
HI,2022,Diabetes,,63.0,10.4,,59.6,9.5,,66.5,11.4
HI,2023,Asthma,,,9.8,,,8.8,,,10.9
HI,2023,Cardiovascular Disease,,,28.3,,,26.9,,,29.7
HI,2023,Chronic Obstructive Pulmonary Disease,,,3.6,,,3.1,,,4.2
HI,2023,Diabetes,,,9.5,,,8.7,,,10.5
IA,2019,Asthma,,1.5,8.9,,1.1,8.2,,2.0,9.6
IA,2019,Cardiovascular Disease,16.59,172.9,29.2,16.19,168.9,28.2,16.99,176.9,30.1
IA,2019,Chronic Obstructive Pulmonary Disease,4.58,120.1,5.5,4.37,114.5,5.1,4.79,125.7,6.1
IA,2019,Diabetes,,82.1,9.1,,79.3,8.5,,84.9,9.7
IA,2020,Asthma,,1.3,9.9,,1.0,9.2,,1.8,10.7
IA,2020,Cardiovascular Disease,14.11,172.9,,13.74,168.9,,14.48,176.9,
IA,2020,Chronic Obstructive Pulmonary Disease,2.67,108.0,5.6,2.51,102.7,5.1,2.83,113.3,6.1
IA,2020,Diabetes,,108.6,9.1,,105.4,8.5,,111.8,9.7
IA,2021,Asthma,,1.1,10.0,,0.8,9.2,,1.5,10.9
IA,2021,Cardiovascular Disease,14.94,184.9,28.6,14.55,180.7,27.5,15.33,189.1,29.7
IA,2021,Chronic Obstructive Pulmonary Disease,2.64,110.4,5.9,2.48,105.0,5.3,2.8,115.9,6.5
IA,2021,Diabetes,,107.5,8.7,,104.3,8.0,,110.7,9.3
IA,2022,Asthma,,1.0,9.7,,0.7,8.9,,1.4,10.7
IA,2022,Cardiovascular Disease,15.01,176.8,,14.62,172.8,,15.4,180.8,
IA,2022,Chronic Obstructive Pulmonary Disease,2.91,107.8,5.8,2.74,102.6,5.3,3.08,113.1,6.5
IA,2022,Diabetes,,100.0,10.3,,96.9,9.6,,103.0,11.1
IA,2023,Asthma,,,9.0,,,8.2,,,9.8
IA,2023,Cardiovascular Disease,,,31.3,,,30.1,,,32.5
IA,2023,Chronic Obstructive Pulmonary Disease,,,5.4,,,4.8,,,5.9
IA,2023,Diabetes,,,9.9,,,9.2,,,10.7
ID,2019,Asthma,,,11.2,,,10.0,,,12.6
ID,2019,Cardiovascular Disease,12.63,150.7,28.7,12.09,145.3,27.0,13.17,156.1,30.4
ID,2019,Chronic Obstructive Pulmonary Disease,3.61,133.0,4.7,3.32,124.6,4.0,3.9,141.5,5.4
ID,2019,Diabetes,,80.3,9.3,,76.4,8.4,,84.2,10.4
ID,2020,Asthma,,1.1,10.2,,0.7,9.1,,1.7,11.5
ID,2020,Cardiovascular Disease,11.15,151.9,,10.64,146.6,,11.66,157.3,
ID,2020,Chronic Obstructive Pulmonary Disease,2.29,109.1,5.2,2.06,101.7,4.5,2.52,116.6,6.0
ID,2020,Diabetes,,98.0,8.0,,93.8,7.1,,102.3,9.0
ID,2021,Asthma,,,10.5,,,9.5,,,11.4
ID,2021,Cardiovascular Disease,12.01,166.4,28.2,11.48,160.7,27.1,12.54,172.0,29.4
ID,2021,Chronic Obstructive Pulmonary Disease,2.35,118.0,5.2,2.12,110.2,4.6,2.58,125.9,5.8
ID,2021,Diabetes,,113.5,8.8,,108.9,8.1,,118.1,9.6
ID,2022,Asthma,,,11.1,,,10.1,,,12.2
ID,2022,Cardiovascular Disease,12.14,156.3,,11.6,151.0,,12.67,161.5,
ID,2022,Chronic Obstructive Pulmonary Disease,1.77,115.9,5.5,1.57,108.5,4.9,1.97,123.3,6.2
ID,2022,Diabetes,,98.7,8.9,,94.6,8.1,,102.8,9.7
ID,2023,Asthma,,,10.5,,,9.5,,,11.6
ID,2023,Cardiovascular Disease,,,28.5,,,27.2,,,29.9
ID,2023,Chronic Obstructive Pulmonary Disease,,,5.6,,,4.9,,,6.3
ID,2023,Diabetes,,,8.7,,,7.9,,,9.6
IL,2019,Asthma,,1.2,8.7,,1.0,7.8,,1.4,9.7
IL,2019,Cardiovascular Disease,29.48,162.0,29.7,29.19,160.0,28.4,29.77,164.0,31.0
IL,2019,Chronic Obstructive Pulmonary Disease,9.5,96.1,5.3,9.33,93.5,4.7,9.67,98.7,6.0
IL,2019,Diabetes,,53.6,10.1,,52.4,9.3,,54.7,10.9
IL,2020,Asthma,,1.3,9.1,,1.1,7.9,,1.5,10.5
IL,2020,Cardiovascular Disease,24.07,171.4,,23.8,169.4,,24.34,173.5,
IL,2020,Chronic Obstructive Pulmonary Disease,5.59,93.0,5.7,5.46,90.4,4.8,5.71,95.5,6.6
IL,2020,Diabetes,,88.4,9.4,,86.9,8.3,,89.9,10.6
IL,2021,Asthma,,0.9,9.4,,0.8,8.0,,1.1,11.0
IL,2021,Cardiovascular Disease,28.28,169.8,27.5,27.98,167.8,25.7,28.57,171.9,29.4
IL,2021,Chronic Obstructive Pulmonary Disease,5.23,86.8,4.9,5.11,84.3,4.1,5.36,89.3,5.8
IL,2021,Diabetes,,77.2,9.7,,75.8,8.5,,78.6,10.9
IL,2022,Asthma,,1.0,8.8,,0.8,7.7,,1.1,10.0
IL,2022,Cardiovascular Disease,28.61,166.6,,28.31,164.6,,28.91,168.6,
IL,2022,Chronic Obstructive Pulmonary Disease,5.36,88.7,5.2,5.23,86.2,4.4,5.49,91.1,6.1
IL,2022,Diabetes,,68.6,10.8,,67.3,9.7,,69.9,11.9
IL,2023,Asthma,,,9.7,,,8.6,,,10.9
IL,2023,Cardiovascular Disease,,,30.5,,,28.9,,,32.2
IL,2023,Chronic Obstructive Pulmonary Disease,,,5.7,,,4.8,,,6.7
IL,2023,Diabetes,,,10.9,,,9.9,,,12.1
IN,2019,Asthma,,1.2,10.7,,0.9,9.8,,1.5,11.6
IN,2019,Cardiovascular Disease,27.34,178.8,32.4,26.94,175.9,31.3,27.74,181.8,33.6
IN,2019,Chronic Obstructive Pulmonary Disease,10.89,155.5,8.3,10.64,150.9,7.6,11.14,160.1,9.0
IN,2019,Diabetes,,81.4,11.3,,79.4,10.6,,83.4,12.1
IN,2020,Asthma,,1.0,10.3,,0.8,9.5,,1.3,11.2
IN,2020,Cardiovascular Disease,23.71,183.9,,23.33,181.0,,24.09,186.9,
IN,2020,Chronic Obstructive Pulmonary Disease,6.31,149.3,7.6,6.11,144.8,7.0,6.5,153.7,8.3
IN,2020,Diabetes,,107.8,10.7,,105.5,10.0,,110.0,11.4
IN,2021,Asthma,,0.9,11.5,,0.7,10.7,,1.2,12.4
IN,2021,Cardiovascular Disease,27.31,191.2,31.9,26.9,188.1,30.9,27.73,194.3,33.0
IN,2021,Chronic Obstructive Pulmonary Disease,6.21,143.5,7.8,6.02,139.0,7.2,6.41,147.9,8.4
IN,2021,Diabetes,,112.2,11.0,,109.8,10.3,,114.5,11.7
IN,2022,Asthma,,1.0,11.0,,0.8,10.2,,1.3,11.8
IN,2022,Cardiovascular Disease,27.89,185.0,,27.46,182.0,,28.31,188.0,
IN,2022,Chronic Obstructive Pulmonary Disease,6.61,148.2,8.1,6.41,143.8,7.5,6.82,152.6,8.7
IN,2022,Diabetes,,99.5,11.3,,97.3,10.7,,101.7,12.0
IN,2023,Asthma,,,11.5,,,10.7,,,12.4
IN,2023,Cardiovascular Disease,,,34.7,,,33.7,,,35.7
IN,2023,Chronic Obstructive Pulmonary Disease,,,7.7,,,7.1,,,8.3
IN,2023,Diabetes,,,11.7,,,11.1,,,12.4
KS,2019,Asthma,,0.9,10.7,,0.6,10.0,,1.3,11.5
KS,2019,Cardiovascular Disease,16.66,166.0,31.6,16.23,161.8,30.7,17.09,170.2,32.6
KS,2019,Chronic Obstructive Pulmonary Disease,4.2,133.7,6.0,3.99,127.3,5.5,4.42,140.1,6.6
KS,2019,Diabetes,,68.5,9.9,,65.8,9.3,,71.3,10.5
KS,2020,Asthma,,1.1,10.6,,0.8,9.8,,1.6,11.4
KS,2020,Cardiovascular Disease,14.63,167.0,,14.23,162.8,,15.04,171.3,
KS,2020,Chronic Obstructive Pulmonary Disease,2.67,121.6,5.8,2.5,115.6,5.3,2.84,127.6,6.3
KS,2020,Diabetes,,91.4,10.1,,88.3,9.5,,94.6,10.8
KS,2021,Asthma,,1.3,11.5,,0.9,10.9,,1.7,12.1
KS,2021,Cardiovascular Disease,16.01,176.1,32.0,15.58,171.7,31.2,16.44,180.5,32.8
KS,2021,Chronic Obstructive Pulmonary Disease,2.49,114.2,5.8,2.32,108.2,5.4,2.66,120.1,6.2
KS,2021,Diabetes,,87.2,10.1,,84.1,9.6,,90.3,10.7
KS,2022,Asthma,,1.3,10.8,,0.9,10.0,,1.7,11.6
KS,2022,Cardiovascular Disease,16.3,173.2,,15.87,168.9,,16.73,177.5,
KS,2022,Chronic Obstructive Pulmonary Disease,2.3,122.7,6.4,2.14,116.7,5.9,2.46,128.8,7.1
KS,2022,Diabetes,,82.0,10.2,,79.0,9.6,,85.0,10.9
KS,2023,Asthma,,,10.1,,,9.3,,,11.0
KS,2023,Cardiovascular Disease,,,32.1,,,31.0,,,33.3
KS,2023,Chronic Obstructive Pulmonary Disease,,,5.9,,,5.3,,,6.5
KS,2023,Diabetes,,,10.5,,,9.7,,,11.3
KY,2019,Asthma,,0.7,10.4,,0.5,9.3,,1.0,11.5
KY,2019,Cardiovascular Disease,33.12,196.4,38.0,32.57,192.6,36.4,33.66,200.2,39.7
KY,2019,Chronic Obstructive Pulmonary Disease,12.8,174.6,9.7,12.47,168.7,8.8,13.14,180.5,10.7
KY,2019,Diabetes,,125.1,11.8,,122.2,10.9,,128.1,12.7
KY,2020,Asthma,,0.9,12.3,,0.6,11.0,,1.2,13.7
KY,2020,Cardiovascular Disease,28.38,204.5,,27.87,200.7,,28.89,208.3,
KY,2020,Chronic Obstructive Pulmonary Disease,7.49,157.0,11.1,7.23,151.4,10.0,7.75,162.5,12.3
KY,2020,Diabetes,,145.2,11.6,,142.0,10.5,,148.4,12.7
KY,2021,Asthma,,0.4,12.5,,0.3,11.3,,0.6,13.7
KY,2021,Cardiovascular Disease,30.2,217.5,37.1,29.65,213.5,35.5,30.74,221.6,38.8
KY,2021,Chronic Obstructive Pulmonary Disease,7.05,161.3,10.1,6.79,155.6,9.1,7.31,167.0,11.1
KY,2021,Diabetes,,167.3,12.5,,163.8,11.4,,170.8,13.8
KY,2022,Asthma,,0.6,11.0,,0.4,9.7,,0.8,12.5
KY,2022,Cardiovascular Disease,30.38,208.6,,29.82,204.7,,30.93,212.5,
KY,2022,Chronic Obstructive Pulmonary Disease,7.57,156.0,10.4,7.3,150.5,9.3,7.85,161.5,11.7
KY,2022,Diabetes,,147.3,13.0,,144.1,11.8,,150.5,14.4
LA,2019,Asthma,,0.8,8.5,,0.6,7.6,,1.1,9.5
LA,2019,Cardiovascular Disease,33.81,207.8,37.7,33.24,203.9,36.1,34.38,211.7,39.3
LA,2019,Chronic Obstructive Pulmonary Disease,10.54,107.6,8.2,10.22,102.9,7.3,10.86,112.3,9.2
LA,2019,Diabetes,,73.3,11.5,,71.0,10.5,,75.6,12.4
LA,2020,Asthma,,0.9,8.8,,0.7,7.7,,1.3,10.0
LA,2020,Cardiovascular Disease,28.95,221.5,,28.41,217.5,,29.49,225.5,
LA,2020,Chronic Obstructive Pulmonary Disease,6.71,115.5,8.0,6.45,110.7,7.0,6.97,120.2,9.2
LA,2020,Diabetes,,108.2,12.9,,105.4,11.8,,111.0,14.1
LA,2021,Asthma,,0.9,10.4,,0.7,9.3,,1.2,11.8
LA,2021,Cardiovascular Disease,33.77,235.5,37.7,33.17,231.3,36.0,34.37,239.7,39.4
LA,2021,Chronic Obstructive Pulmonary Disease,6.61,108.9,8.2,6.34,104.2,7.3,6.87,113.7,9.2
LA,2021,Diabetes,,110.2,12.5,,107.3,11.3,,113.0,13.7
LA,2022,Asthma,,0.5,9.9,,0.3,8.9,,0.8,11.1
LA,2022,Cardiovascular Disease,34.28,224.0,,33.67,220.0,,34.89,228.0,
LA,2022,Chronic Obstructive Pulmonary Disease,6.71,108.7,8.5,6.44,104.0,7.7,6.98,113.3,9.4
LA,2022,Diabetes,,94.4,13.3,,91.8,12.3,,97.0,14.3
LA,2023,Asthma,,,10.8,,,9.6,,,12.2
LA,2023,Cardiovascular Disease,,,40.4,,,38.7,,,42.0
LA,2023,Chronic Obstructive Pulmonary Disease,,,7.9,,,7.0,,,9.0
LA,2023,Diabetes,,,14.6,,,13.4,,,15.8
MA,2019,Asthma,,1.0,11.1,,0.8,10.2,,1.2,12.1
MA,2019,Cardiovascular Disease,28.69,127.2,25.6,28.31,124.9,24.5,29.07,129.6,26.8
MA,2019,Chronic Obstructive Pulmonary Disease,10.34,85.5,4.4,10.12,82.3,3.9,10.57,88.8,4.9
MA,2019,Diabetes,,45.5,7.5,,44.1,6.8,,46.9,8.2
MA,2020,Asthma,,1.0,11.4,,0.8,10.4,,1.3,12.5
MA,2020,Cardiovascular Disease,22.91,126.9,,22.58,124.6,,23.25,129.3,
MA,2020,Chronic Obstructive Pulmonary Disease,5.76,75.5,4.0,5.6,72.4,3.4,5.93,78.5,4.6
MA,2020,Diabetes,,60.1,7.7,,58.5,7.0,,61.7,8.6
MA,2021,Asthma,,1.0,12.7,,0.8,11.7,,1.2,13.8
MA,2021,Cardiovascular Disease,26.49,134.0,26.8,26.12,131.6,25.6,26.85,136.4,28.0
MA,2021,Chronic Obstructive Pulmonary Disease,5.79,72.9,5.3,5.63,69.9,4.7,5.96,75.9,6.0
MA,2021,Diabetes,,56.8,7.9,,55.2,7.1,,58.4,8.7
MA,2022,Asthma,,0.8,11.4,,0.6,10.6,,1.0,12.3
MA,2022,Cardiovascular Disease,25.71,132.3,,25.36,130.0,,26.07,134.7,
MA,2022,Chronic Obstructive Pulmonary Disease,6.22,68.3,5.1,6.05,65.5,4.6,6.4,71.2,5.7
MA,2022,Diabetes,,53.0,9.2,,51.5,8.5,,54.5,10.0
MA,2023,Asthma,,,12.1,,,11.1,,,13.1
MA,2023,Cardiovascular Disease,,,28.0,,,26.7,,,29.2
MA,2023,Chronic Obstructive Pulmonary Disease,,,5.2,,,4.6,,,5.9
MA,2023,Diabetes,,,8.5,,,7.8,,,9.4
MD,2019,Asthma,,1.2,9.8,,0.9,9.1,,1.4,10.5
MD,2019,Cardiovascular Disease,17.5,159.3,31.7,17.2,156.4,30.8,17.81,162.2,32.7
MD,2019,Chronic Obstructive Pulmonary Disease,7.56,79.6,4.9,7.37,76.2,4.5,7.76,83.1,5.3
MD,2019,Diabetes,,75.2,9.9,,73.2,9.3,,77.2,10.5
MD,2020,Asthma,,1.2,9.5,,0.9,8.8,,1.5,10.3
MD,2020,Cardiovascular Disease,13.5,168.3,,13.23,165.3,,13.76,171.3,
MD,2020,Chronic Obstructive Pulmonary Disease,4.46,75.1,4.4,4.31,71.7,4.0,4.6,78.4,4.9
MD,2020,Diabetes,,107.4,9.2,,105.0,8.6,,109.8,9.8
MD,2021,Asthma,,1.1,10.1,,0.9,9.4,,1.4,10.9
MD,2021,Cardiovascular Disease,14.74,165.2,31.5,14.47,162.2,30.6,15.02,168.1,32.5
MD,2021,Chronic Obstructive Pulmonary Disease,4.06,66.6,4.4,3.92,63.4,3.9,4.2,69.8,4.8
MD,2021,Diabetes,,108.8,9.8,,106.4,9.3,,111.2,10.5
MD,2022,Asthma,,1.3,10.3,,1.0,9.6,,1.6,11.1
MD,2022,Cardiovascular Disease,14.77,155.8,,14.49,153.0,,15.04,158.6,
MD,2022,Chronic Obstructive Pulmonary Disease,4.31,65.8,4.5,4.16,62.8,4.0,4.46,68.9,4.9
MD,2022,Diabetes,,99.4,10.6,,97.2,9.9,,101.7,11.3
MD,2023,Asthma,,,11.0,,,10.1,,,11.9
MD,2023,Cardiovascular Disease,,,32.7,,,31.7,,,33.8
MD,2023,Chronic Obstructive Pulmonary Disease,,,5.1,,,4.6,,,5.6
MD,2023,Diabetes,,,10.9,,,10.2,,,11.7
ME,2019,Asthma,,,13.3,,,12.0,,,14.7
ME,2019,Cardiovascular Disease,20.8,142.4,31.5,20.1,137.1,30.1,21.49,147.7,33.0
ME,2019,Chronic Obstructive Pulmonary Disease,5.56,133.3,7.8,5.2,124.9,7.0,5.92,141.8,8.6
ME,2019,Diabetes,,64.2,8.8,,60.6,8.1,,67.7,9.6
ME,2020,Asthma,,,11.8,,,10.7,,,12.9
ME,2020,Cardiovascular Disease,18.07,146.2,,17.4,140.9,,18.75,151.6,
ME,2020,Chronic Obstructive Pulmonary Disease,3.73,114.3,6.9,3.43,106.6,6.3,4.04,122.1,7.6
ME,2020,Diabetes,,70.8,8.3,,67.2,7.6,,74.5,9.0
ME,2021,Asthma,,,13.7,,,12.7,,,14.8
ME,2021,Cardiovascular Disease,20.26,168.4,28.6,19.53,162.6,27.5,20.99,174.2,29.7
ME,2021,Chronic Obstructive Pulmonary Disease,2.82,117.9,7.6,2.55,109.9,6.8,3.09,125.8,8.3
ME,2021,Diabetes,,82.0,8.2,,77.9,7.6,,86.0,8.9
ME,2022,Asthma,,,13.7,,,12.5,,,14.9
ME,2022,Cardiovascular Disease,20.46,167.1,,19.71,161.4,,21.21,172.7,
ME,2022,Chronic Obstructive Pulmonary Disease,3.21,110.1,7.4,2.91,102.7,6.7,3.51,117.5,8.2
ME,2022,Diabetes,,78.9,9.1,,75.1,8.3,,82.8,9.9
ME,2023,Asthma,,,13.4,,,12.3,,,14.5
ME,2023,Cardiovascular Disease,,,30.0,,,28.9,,,31.2
ME,2023,Chronic Obstructive Pulmonary Disease,,,7.3,,,6.6,,,8.0
ME,2023,Diabetes,,,9.0,,,8.4,,,9.7
MI,2019,Asthma,,1.0,12.3,,0.8,11.4,,1.2,13.3
MI,2019,Cardiovascular Disease,38.07,193.8,31.9,37.66,191.4,30.8,38.47,196.2,33.1
MI,2019,Chronic Obstructive Pulmonary Disease,12.33,121.0,7.3,12.1,117.8,6.8,12.56,124.1,8.0
MI,2019,Diabetes,,66.6,9.7,,65.2,9.0,,68.0,10.3
MI,2020,Asthma,,1.2,11.8,,1.0,10.8,,1.5,12.9
MI,2020,Cardiovascular Disease,33.32,205.0,,32.93,202.5,,33.72,207.5,
MI,2020,Chronic Obstructive Pulmonary Disease,7.86,115.2,7.5,7.67,112.1,6.8,8.05,118.3,8.3
MI,2020,Diabetes,,88.6,10.7,,86.9,9.9,,90.2,11.6
MI,2021,Asthma,,0.9,12.4,,0.7,11.5,,1.1,13.4
MI,2021,Cardiovascular Disease,37.1,209.6,32.1,36.67,207.1,31.0,37.53,212.2,33.2
MI,2021,Chronic Obstructive Pulmonary Disease,7.73,109.7,7.0,7.53,106.7,6.4,7.92,112.8,7.7
MI,2021,Diabetes,,93.9,9.5,,92.2,8.8,,95.6,10.2
MI,2022,Asthma,,1.0,12.1,,0.8,11.2,,1.2,13.1
MI,2022,Cardiovascular Disease,39.5,206.3,,39.05,203.8,,39.95,208.8,
MI,2022,Chronic Obstructive Pulmonary Disease,8.24,106.2,8.0,8.04,103.3,7.3,8.44,109.1,8.7
MI,2022,Diabetes,,82.9,10.0,,81.3,9.3,,84.4,10.7
MI,2023,Asthma,,,11.1,,,10.2,,,12.0
MI,2023,Cardiovascular Disease,,,33.1,,,31.9,,,34.4
MI,2023,Chronic Obstructive Pulmonary Disease,,,7.6,,,7.0,,,8.3
MI,2023,Diabetes,,,10.9,,,10.1,,,11.8
MN,2019,Asthma,,1.3,9.0,,1.0,8.4,,1.6,9.6
MN,2019,Cardiovascular Disease,29.03,116.7,26.3,28.52,114.1,25.5,29.55,119.2,27.0
MN,2019,Chronic Obstructive Pulmonary Disease,6.77,87.2,4.0,6.52,83.5,3.6,7.01,90.9,4.3
MN,2019,Diabetes,,87.9,7.9,,85.6,7.4,,90.1,8.4
MN,2020,Asthma,,1.3,8.9,,1.0,8.4,,1.6,9.5
MN,2020,Cardiovascular Disease,24.08,118.1,,23.61,115.6,,24.56,120.7,
MN,2020,Chronic Obstructive Pulmonary Disease,4.28,82.6,4.1,4.08,79.0,3.7,4.48,86.2,4.5
MN,2020,Diabetes,,111.8,7.9,,109.3,7.4,,114.2,8.3
MN,2021,Asthma,,0.9,9.5,,0.6,8.9,,1.1,10.1
MN,2021,Cardiovascular Disease,27.6,123.9,26.9,27.07,121.2,26.1,28.12,126.5,27.6
MN,2021,Chronic Obstructive Pulmonary Disease,4.16,79.7,4.2,3.96,76.1,3.8,4.36,83.2,4.6
MN,2021,Diabetes,,114.6,8.0,,112.0,7.5,,117.1,8.4
MN,2022,Asthma,,0.9,10.1,,0.7,9.4,,1.2,10.8
MN,2022,Cardiovascular Disease,27.85,124.1,,27.32,121.5,,28.38,126.6,
MN,2022,Chronic Obstructive Pulmonary Disease,4.69,78.9,4.7,4.48,75.5,4.3,4.91,82.4,5.2
MN,2022,Diabetes,,106.0,9.0,,103.6,8.5,,108.3,9.6
MN,2023,Asthma,,,10.0,,,9.2,,,10.8
MN,2023,Cardiovascular Disease,,,28.1,,,27.1,,,29.0
MN,2023,Chronic Obstructive Pulmonary Disease,,,4.0,,,3.6,,,4.4
MN,2023,Diabetes,,,9.3,,,8.6,,,10.0
MO,2019,Asthma,,0.9,11.0,,0.7,10.0,,1.2,12.1
MO,2019,Cardiovascular Disease,31.45,187.0,28.0,31.0,183.9,26.7,31.9,190.0,29.4
MO,2019,Chronic Obstructive Pulmonary Disease,9.88,129.9,7.9,9.63,125.6,7.2,10.13,134.1,8.8
MO,2019,Diabetes,,58.8,9.1,,57.1,8.4,,60.5,9.9
MO,2020,Asthma,,0.9,10.1,,0.7,9.2,,1.2,11.1
MO,2020,Cardiovascular Disease,25.41,196.7,,25.0,193.6,,25.82,199.8,
MO,2020,Chronic Obstructive Pulmonary Disease,6.23,130.4,7.5,6.03,126.2,6.9,6.43,134.6,8.2
MO,2020,Diabetes,,77.0,9.5,,75.1,8.8,,79.0,10.3
MO,2021,Asthma,,1.1,10.5,,0.9,9.6,,1.5,11.4
MO,2021,Cardiovascular Disease,30.25,202.4,32.1,29.79,199.2,30.9,30.71,205.6,33.3
MO,2021,Chronic Obstructive Pulmonary Disease,6.2,125.0,7.7,6.0,120.8,7.1,6.41,129.2,8.4
MO,2021,Diabetes,,82.5,10.0,,80.4,9.3,,84.5,10.8
MO,2022,Asthma,,1.1,10.6,,0.9,9.6,,1.4,11.7
MO,2022,Cardiovascular Disease,29.82,199.8,,29.37,196.6,,30.28,202.9,
MO,2022,Chronic Obstructive Pulmonary Disease,6.35,127.4,7.7,6.14,123.3,6.9,6.57,131.6,8.5
MO,2022,Diabetes,,78.8,10.2,,76.8,9.4,,80.7,11.1
MO,2023,Asthma,,,10.0,,,9.0,,,11.2
MO,2023,Cardiovascular Disease,,,32.7,,,31.3,,,34.2
MO,2023,Chronic Obstructive Pulmonary Disease,,,7.5,,,6.7,,,8.3
MO,2023,Diabetes,,,10.7,,,9.9,,,11.7
MS,2019,Asthma,,1.8,10.5,,1.4,9.3,,2.3,11.8
MS,2019,Cardiovascular Disease,24.61,226.7,41.2,24.1,221.7,39.5,25.13,231.8,42.9
MS,2019,Chronic Obstructive Pulmonary Disease,9.54,157.1,8.8,9.22,150.2,7.8,9.86,164.1,9.8
MS,2019,Diabetes,,118.5,13.5,,114.9,12.5,,122.2,14.5
MS,2020,Asthma,,1.8,9.3,,1.4,8.4,,2.4,10.3
MS,2020,Cardiovascular Disease,19.69,245.6,,19.22,240.4,,20.15,250.9,
MS,2020,Chronic Obstructive Pulmonary Disease,5.53,162.7,8.0,5.28,155.7,7.2,5.77,169.7,8.9
MS,2020,Diabetes,,164.6,13.3,,160.4,12.3,,168.9,14.3
MS,2021,Asthma,,1.5,10.4,,1.1,9.1,,2.1,11.8
MS,2021,Cardiovascular Disease,21.54,255.2,40.7,21.05,249.7,38.9,22.04,260.6,42.5
MS,2021,Chronic Obstructive Pulmonary Disease,5.01,163.9,8.4,4.77,156.7,7.4,5.25,171.1,9.5
MS,2021,Diabetes,,182.8,13.8,,178.3,12.6,,187.4,15.1
MS,2022,Asthma,,1.6,9.4,,1.2,8.2,,2.1,10.7
MS,2022,Cardiovascular Disease,21.49,248.0,,20.98,242.7,,21.99,253.2,
MS,2022,Chronic Obstructive Pulmonary Disease,5.01,163.4,9.8,4.77,156.4,8.6,5.25,170.4,11.2
MS,2022,Diabetes,,160.3,13.9,,156.1,12.7,,164.5,15.3
MS,2023,Asthma,,,7.1,,,6.2,,,8.1
MS,2023,Cardiovascular Disease,,,42.6,,,40.8,,,44.5
MS,2023,Chronic Obstructive Pulmonary Disease,,,7.0,,,6.0,,,8.1
MS,2023,Diabetes,,,15.1,,,13.7,,,16.6
MT,2019,Asthma,,,10.8,,,9.8,,,11.8
MT,2019,Cardiovascular Disease,11.77,157.1,26.1,11.2,150.6,24.9,12.34,163.7,27.3
MT,2019,Chronic Obstructive Pulmonary Disease,4.22,143.0,5.9,3.88,132.6,5.3,4.56,153.4,6.6
MT,2019,Diabetes,,68.2,6.4,,63.8,5.8,,72.6,7.1
MT,2020,Asthma,,,11.3,,,10.3,,,12.4
MT,2020,Cardiovascular Disease,9.45,162.7,,8.94,156.0,,9.96,169.3,
MT,2020,Chronic Obstructive Pulmonary Disease,2.49,119.1,5.7,2.23,109.9,5.1,2.74,128.4,6.4
MT,2020,Diabetes,,89.9,7.8,,85.0,7.1,,94.9,8.6
MT,2021,Asthma,,,10.8,,,9.8,,,11.9
MT,2021,Cardiovascular Disease,10.03,175.2,27.2,9.5,168.2,25.9,10.55,182.2,28.5
MT,2021,Chronic Obstructive Pulmonary Disease,2.47,107.2,5.0,2.22,98.2,4.4,2.72,116.2,5.7
MT,2021,Diabetes,,100.9,7.7,,95.6,7.0,,106.2,8.5
MT,2022,Asthma,,,12.0,,,10.9,,,13.1
MT,2022,Cardiovascular Disease,10.08,165.9,,9.56,159.3,,10.6,172.5,
MT,2022,Chronic Obstructive Pulmonary Disease,2.42,110.1,5.7,2.17,101.2,5.1,2.66,118.9,6.5
MT,2022,Diabetes,,89.2,7.1,,84.3,6.5,,94.0,7.8
MT,2023,Asthma,,,12.1,,,11.0,,,13.3
MT,2023,Cardiovascular Disease,,,28.3,,,27.0,,,29.7
MT,2023,Chronic Obstructive Pulmonary Disease,,,6.3,,,5.6,,,7.2
MT,2023,Diabetes,,,7.9,,,7.2,,,8.7
NC,2019,Asthma,,0.8,8.6,,0.7,7.7,,1.0,9.7
NC,2019,Cardiovascular Disease,29.89,154.7,32.4,29.55,152.5,30.9,30.24,156.9,34.0
NC,2019,Chronic Obstructive Pulmonary Disease,10.32,115.6,7.0,10.12,112.5,6.2,10.52,118.8,7.9
NC,2019,Diabetes,,68.1,10.7,,66.6,9.8,,69.5,11.7
NC,2020,Asthma,,1.0,8.2,,0.9,7.4,,1.2,9.2
NC,2020,Cardiovascular Disease,24.68,156.2,,24.36,154.0,,25.0,158.4,
NC,2020,Chronic Obstructive Pulmonary Disease,6.46,106.2,5.7,6.3,103.3,5.1,6.62,109.2,6.5
NC,2020,Diabetes,,82.6,11.1,,81.0,10.2,,84.1,12.1
NC,2021,Asthma,,0.9,8.9,,0.7,7.9,,1.1,10.0
NC,2021,Cardiovascular Disease,27.0,170.9,31.5,26.66,168.6,30.1,27.34,173.2,32.9
NC,2021,Chronic Obstructive Pulmonary Disease,5.72,101.0,6.8,5.57,98.0,6.0,5.88,104.0,7.8
NC,2021,Diabetes,,95.2,11.2,,93.4,10.2,,96.9,12.2
NC,2022,Asthma,,1.0,9.3,,0.8,8.1,,1.2,10.6
NC,2022,Cardiovascular Disease,26.99,165.8,,26.64,163.6,,27.33,168.0,
NC,2022,Chronic Obstructive Pulmonary Disease,6.6,106.0,6.7,6.43,103.0,5.8,6.76,108.9,7.9
NC,2022,Diabetes,,92.0,10.8,,90.3,9.7,,93.6,12.0
NC,2023,Asthma,,,9.8,,,8.5,,,11.3
NC,2023,Cardiovascular Disease,,,34.1,,,32.1,,,36.1
NC,2023,Chronic Obstructive Pulmonary Disease,,,6.2,,,5.2,,,7.3
NC,2023,Diabetes,,,11.0,,,9.8,,,12.3
ND,2019,Asthma,,,8.9,,,7.8,,,10.2
ND,2019,Cardiovascular Disease,16.96,147.7,28.4,16.08,139.9,27.0,17.83,155.6,29.9
ND,2019,Chronic Obstructive Pulmonary Disease,4.78,97.6,4.9,4.32,86.9,4.2,5.24,108.4,5.6
ND,2019,Diabetes,,70.9,8.3,,65.3,7.5,,76.4,9.1
ND,2020,Asthma,,,9.5,,,8.2,,,10.9
ND,2020,Cardiovascular Disease,13.39,147.3,,12.61,139.5,,14.17,155.1,
ND,2020,Chronic Obstructive Pulmonary Disease,2.61,96.6,5.4,2.28,85.8,4.5,2.95,107.4,6.4
ND,2020,Diabetes,,91.8,9.4,,85.5,8.4,,98.1,10.5
ND,2021,Asthma,,,9.3,,,8.3,,,10.4
ND,2021,Cardiovascular Disease,15.7,152.8,29.7,14.85,144.8,28.4,16.56,160.9,31.1
ND,2021,Chronic Obstructive Pulmonary Disease,3.11,92.4,4.6,2.74,81.8,3.9,3.48,103.0,5.3
ND,2021,Diabetes,,87.9,8.9,,81.7,8.1,,94.1,9.8
ND,2022,Asthma,,,10.5,,,9.3,,,11.8
ND,2022,Cardiovascular Disease,16.0,155.0,,15.13,147.0,,16.86,162.9,
ND,2022,Chronic Obstructive Pulmonary Disease,2.94,84.1,5.3,2.57,74.4,4.6,3.3,93.9,6.1
ND,2022,Diabetes,,81.4,9.0,,75.5,8.1,,87.3,10.0
ND,2023,Asthma,,,10.2,,,9.1,,,11.3
ND,2023,Cardiovascular Disease,,,30.1,,,28.8,,,31.4
ND,2023,Chronic Obstructive Pulmonary Disease,,,4.8,,,4.2,,,5.5
ND,2023,Diabetes,,,8.9,,,8.1,,,9.7
NE,2019,Asthma,,1.6,8.7,,1.1,8.0,,2.2,9.4
NE,2019,Cardiovascular Disease,14.04,144.9,28.9,13.57,140.0,28.0,14.52,149.7,29.8
NE,2019,Chronic Obstructive Pulmonary Disease,4.9,126.8,5.2,4.62,119.1,4.8,5.18,134.5,5.7
NE,2019,Diabetes,,87.9,9.2,,84.1,8.7,,91.7,9.8
NE,2020,Asthma,,1.2,8.2,,0.8,7.5,,1.7,9.0
NE,2020,Cardiovascular Disease,12.08,143.8,,11.63,139.0,,12.53,148.6,
NE,2020,Chronic Obstructive Pulmonary Disease,2.65,119.9,4.7,2.44,112.4,4.3,2.86,127.3,5.2
NE,2020,Diabetes,,117.8,9.0,,113.4,8.4,,122.2,9.7
NE,2021,Asthma,,1.2,8.9,,0.7,8.2,,1.7,9.6
NE,2021,Cardiovascular Disease,13.86,160.8,29.4,13.37,155.6,28.5,14.35,166.0,30.4
NE,2021,Chronic Obstructive Pulmonary Disease,2.32,110.8,5.1,2.12,103.6,4.7,2.51,118.1,5.6
NE,2021,Diabetes,,118.8,8.7,,114.3,8.2,,123.3,9.3
NE,2022,Asthma,,,8.2,,,7.3,,,9.2
NE,2022,Cardiovascular Disease,13.74,154.3,,13.25,149.3,,14.24,159.3,
NE,2022,Chronic Obstructive Pulmonary Disease,2.61,104.0,5.0,2.4,97.1,4.4,2.83,110.8,5.6
NE,2022,Diabetes,,109.0,9.8,,104.8,9.0,,113.1,10.6
NE,2023,Asthma,,,8.7,,,8.0,,,9.4
NE,2023,Cardiovascular Disease,,,30.2,,,29.2,,,31.2
NE,2023,Chronic Obstructive Pulmonary Disease,,,4.9,,,4.5,,,5.4
NE,2023,Diabetes,,,9.7,,,9.0,,,10.3
NH,2019,Asthma,,,12.0,,,10.7,,,13.4
NH,2019,Cardiovascular Disease,19.65,143.4,28.1,19.01,137.9,26.5,20.29,148.9,29.7
NH,2019,Chronic Obstructive Pulmonary Disease,5.2,110.0,5.4,4.88,101.9,4.7,5.52,118.1,6.2
NH,2019,Diabetes,,60.2,8.1,,56.6,7.2,,63.7,9.1
NH,2020,Asthma,,,12.5,,,11.3,,,13.8
NH,2020,Cardiovascular Disease,15.95,146.5,,15.37,140.9,,16.52,152.0,
NH,2020,Chronic Obstructive Pulmonary Disease,3.62,92.7,5.7,3.35,85.3,5.0,3.89,100.0,6.5
NH,2020,Diabetes,,70.0,7.5,,66.2,6.8,,73.8,8.3
NH,2021,Asthma,,,13.1,,,11.8,,,14.6
NH,2021,Cardiovascular Disease,18.5,154.1,26.5,17.88,148.3,25.1,19.12,159.9,27.9
NH,2021,Chronic Obstructive Pulmonary Disease,2.83,98.7,6.3,2.59,91.1,5.5,3.07,106.3,7.2
NH,2021,Diabetes,,76.0,7.3,,72.0,6.5,,80.0,8.2
NH,2022,Asthma,,1.4,13.5,,0.9,12.1,,2.1,15.0
NH,2022,Cardiovascular Disease,17.53,147.5,,16.93,142.1,,18.13,152.9,
NH,2022,Chronic Obstructive Pulmonary Disease,2.7,98.9,5.6,2.47,91.5,4.9,2.94,106.2,6.4
NH,2022,Diabetes,,73.3,8.2,,69.5,7.4,,77.1,9.1
NH,2023,Asthma,,,12.4,,,11.1,,,14.0
NH,2023,Cardiovascular Disease,,,28.4,,,26.8,,,29.9
NH,2023,Chronic Obstructive Pulmonary Disease,,,6.4,,,5.5,,,7.5
NH,2023,Diabetes,,,7.9,,,7.1,,,8.8
NJ,2019,Asthma,,1.2,,,0.9,,,1.4,
NJ,2019,Cardiovascular Disease,28.46,158.0,,28.12,155.7,,28.8,160.3,
NJ,2019,Chronic Obstructive Pulmonary Disease,8.87,71.1,,8.68,68.4,,9.06,73.7,
NJ,2019,Diabetes,,49.7,,,48.4,,,51.0,
NJ,2020,Asthma,,1.3,9.4,,1.1,8.7,,1.6,10.2
NJ,2020,Cardiovascular Disease,22.24,166.3,,21.94,164.0,,22.55,168.7,
NJ,2020,Chronic Obstructive Pulmonary Disease,5.2,67.4,4.4,5.05,64.9,3.9,5.34,70.0,4.9
NJ,2020,Diabetes,,74.2,8.7,,72.6,8.0,,75.7,9.3
NJ,2021,Asthma,,1.2,10.0,,1.0,9.0,,1.4,11.0
NJ,2021,Cardiovascular Disease,26.58,157.5,27.6,26.24,155.2,26.5,26.91,159.8,28.8
NJ,2021,Chronic Obstructive Pulmonary Disease,5.68,55.9,4.8,5.52,53.6,4.3,5.83,58.2,5.4
NJ,2021,Diabetes,,59.0,8.8,,57.6,8.1,,60.4,9.6
NJ,2022,Asthma,,0.9,8.8,,0.8,8.0,,1.1,9.7
NJ,2022,Cardiovascular Disease,26.06,152.8,,25.73,150.6,,26.39,155.0,
NJ,2022,Chronic Obstructive Pulmonary Disease,6.54,58.9,4.9,6.37,56.6,4.2,6.7,61.2,5.7
NJ,2022,Diabetes,,54.0,9.5,,52.7,8.6,,55.3,10.5
NJ,2023,Asthma,,,8.5,,,7.7,,,9.4
NJ,2023,Cardiovascular Disease,,,30.2,,,28.9,,,31.5
NJ,2023,Chronic Obstructive Pulmonary Disease,,,3.9,,,3.4,,,4.4
NJ,2023,Diabetes,,,9.1,,,8.4,,,9.9
NM,2019,Asthma,,1.0,9.2,,0.7,8.2,,1.6,10.3
NM,2019,Cardiovascular Disease,17.49,158.2,28.9,16.9,153.4,27.4,18.08,163.0,30.4
NM,2019,Chronic Obstructive Pulmonary Disease,5.87,111.3,5.0,5.53,104.6,4.3,6.2,118.0,5.7
NM,2019,Diabetes,,73.6,11.1,,70.3,10.1,,76.9,12.2
NM,2020,Asthma,,1.6,10.5,,1.1,9.4,,2.2,11.8
NM,2020,Cardiovascular Disease,13.78,152.7,,13.26,148.0,,14.31,157.4,
NM,2020,Chronic Obstructive Pulmonary Disease,3.43,113.1,4.3,3.17,106.4,3.7,3.69,119.8,4.9
NM,2020,Diabetes,,102.0,11.2,,98.1,10.1,,105.9,12.4
NM,2021,Asthma,,1.0,11.1,,0.7,10.1,,1.5,12.3
NM,2021,Cardiovascular Disease,15.78,156.5,30.2,15.22,151.6,28.8,16.35,161.3,31.6
NM,2021,Chronic Obstructive Pulmonary Disease,3.29,101.9,4.8,3.04,95.5,4.2,3.55,108.4,5.4
NM,2021,Diabetes,,110.5,12.0,,106.4,11.0,,114.6,13.1
NM,2022,Asthma,,1.1,10.5,,0.7,9.3,,1.6,11.8
NM,2022,Cardiovascular Disease,17.04,156.8,,16.45,152.1,,17.63,161.5,
NM,2022,Chronic Obstructive Pulmonary Disease,3.82,107.3,4.8,3.54,100.9,4.1,4.1,113.8,5.6
NM,2022,Diabetes,,102.1,11.2,,98.2,10.0,,106.0,12.4
NM,2023,Asthma,,,10.0,,,8.3,,,12.1
NM,2023,Cardiovascular Disease,,,31.1,,,28.8,,,33.4
NM,2023,Chronic Obstructive Pulmonary Disease,,,4.2,,,3.5,,,5.1
NM,2023,Diabetes,,,10.8,,,9.3,,,12.6
NV,2019,Asthma,,0.8,9.9,,0.5,8.5,,1.2,11.5
NV,2019,Cardiovascular Disease,23.22,198.1,30.5,22.62,193.3,28.3,23.83,202.8,32.8
NV,2019,Chronic Obstructive Pulmonary Disease,7.39,132.8,7.3,7.06,126.2,6.2,7.73,139.3,8.7
NV,2019,Diabetes,,63.4,10.0,,60.8,8.6,,66.1,11.7
NV,2020,Asthma,,1.4,9.6,,1.0,8.2,,1.9,11.2
NV,2020,Cardiovascular Disease,18.87,201.3,,18.33,196.6,,19.41,206.0,
NV,2020,Chronic Obstructive Pulmonary Disease,4.61,123.7,6.5,4.35,117.5,5.4,4.88,129.9,7.8
NV,2020,Diabetes,,82.6,10.0,,79.6,8.6,,85.5,11.6
NV,2021,Asthma,,0.8,9.8,,0.6,8.2,,1.2,11.6
NV,2021,Cardiovascular Disease,21.04,208.1,29.9,20.46,203.3,27.7,21.61,213.0,32.3
NV,2021,Chronic Obstructive Pulmonary Disease,3.92,111.6,6.1,3.67,105.6,5.2,4.16,117.6,7.3
NV,2021,Diabetes,,98.7,10.3,,95.4,8.9,,102.0,11.9
NV,2022,Asthma,,1.3,10.0,,0.9,8.5,,1.8,11.7
NV,2022,Cardiovascular Disease,22.75,196.8,,22.16,192.2,,23.34,201.4,
NV,2022,Chronic Obstructive Pulmonary Disease,4.47,118.9,6.5,4.2,113.0,5.5,4.73,124.9,7.7
NV,2022,Diabetes,,89.6,8.8,,86.5,7.7,,92.6,10.0
NV,2023,Asthma,,,8.9,,,7.4,,,10.7
NV,2023,Cardiovascular Disease,,,31.4,,,28.4,,,34.4
NV,2023,Chronic Obstructive Pulmonary Disease,,,6.5,,,5.1,,,8.1
NV,2023,Diabetes,,,10.8,,,8.9,,,13.0
NY,2019,Asthma,,1.3,10.1,,1.1,9.4,,1.4,10.9
NY,2019,Cardiovascular Disease,31.62,166.6,27.1,31.36,165.0,26.1,31.89,168.2,28.1
NY,2019,Chronic Obstructive Pulmonary Disease,11.21,74.4,5.2,11.05,72.6,4.8,11.37,76.2,5.7
NY,2019,Diabetes,,56.9,9.5,,55.9,8.8,,57.8,10.2
NY,2020,Asthma,,1.4,10.2,,1.3,9.5,,1.6,10.9
NY,2020,Cardiovascular Disease,24.76,183.9,,24.52,182.2,,25.0,185.5,
NY,2020,Chronic Obstructive Pulmonary Disease,6.14,67.8,4.4,6.03,66.1,4.0,6.26,69.5,4.8
NY,2020,Diabetes,,86.9,9.2,,85.8,8.6,,88.1,9.9
NY,2021,Asthma,,1.1,10.8,,0.9,10.2,,1.2,11.3
NY,2021,Cardiovascular Disease,28.61,162.3,27.4,28.36,160.7,26.8,28.87,163.8,28.1
NY,2021,Chronic Obstructive Pulmonary Disease,6.31,60.9,4.9,6.19,59.3,4.5,6.43,62.5,5.3
NY,2021,Diabetes,,71.9,10.2,,70.8,9.7,,72.9,10.7
NY,2022,Asthma,,1.1,10.3,,1.0,9.7,,1.3,11.0
NY,2022,Cardiovascular Disease,28.46,159.2,,28.2,157.7,,28.71,160.8,
NY,2022,Chronic Obstructive Pulmonary Disease,6.83,60.6,4.6,6.71,59.0,4.2,6.96,62.2,5.1
NY,2022,Diabetes,,67.7,10.0,,66.7,9.4,,68.7,10.7
NY,2023,Asthma,,,9.9,,,9.3,,,10.6
NY,2023,Cardiovascular Disease,,,29.2,,,28.2,,,30.1
NY,2023,Chronic Obstructive Pulmonary Disease,,,4.6,,,4.2,,,5.0
NY,2023,Diabetes,,,9.5,,,8.9,,,10.1
OH,2019,Asthma,,0.9,12.0,,0.8,11.1,,1.1,13.1
OH,2019,Cardiovascular Disease,39.43,188.8,31.5,39.04,186.6,30.3,39.82,191.0,32.7
OH,2019,Chronic Obstructive Pulmonary Disease,12.59,127.4,8.1,12.37,124.4,7.5,12.81,130.4,8.8
OH,2019,Diabetes,,79.4,10.4,,77.9,9.7,,80.8,11.1
OH,2020,Asthma,,1.1,10.9,,0.9,10.1,,1.3,11.7
OH,2020,Cardiovascular Disease,33.74,196.9,,33.38,194.6,,34.11,199.1,
OH,2020,Chronic Obstructive Pulmonary Disease,7.92,123.4,7.1,7.75,120.5,6.6,8.09,126.4,7.6
OH,2020,Diabetes,,97.7,11.0,,96.1,10.4,,99.3,11.7
OH,2021,Asthma,,1.0,11.5,,0.8,10.7,,1.2,12.3
OH,2021,Cardiovascular Disease,38.07,204.7,32.3,37.67,202.4,31.3,38.46,207.0,33.3
OH,2021,Chronic Obstructive Pulmonary Disease,7.7,115.5,7.8,7.53,112.6,7.2,7.88,118.5,8.4
OH,2021,Diabetes,,104.3,11.0,,102.6,10.4,,106.0,11.7
OH,2022,Asthma,,1.0,11.5,,0.9,10.8,,1.2,12.4
OH,2022,Cardiovascular Disease,37.99,193.9,,37.6,191.7,,38.39,196.1,
OH,2022,Chronic Obstructive Pulmonary Disease,8.29,118.0,8.5,8.11,115.1,7.8,8.48,120.9,9.1
OH,2022,Diabetes,,91.5,11.4,,90.0,10.8,,93.1,12.2
OH,2023,Asthma,,,11.1,,,10.2,,,12.0
OH,2023,Cardiovascular Disease,,,33.5,,,32.4,,,34.6
OH,2023,Chronic Obstructive Pulmonary Disease,,,6.9,,,6.4,,,7.4
OH,2023,Diabetes,,,11.5,,,10.8,,,12.2
OK,2019,Asthma,,1.2,11.4,,0.9,10.5,,1.6,12.5
OK,2019,Cardiovascular Disease,22.65,231.4,35.5,22.21,227.0,34.2,23.09,235.8,36.8
OK,2019,Chronic Obstructive Pulmonary Disease,8.72,174.2,8.1,8.45,167.9,7.3,8.99,180.6,8.9
OK,2019,Diabetes,,140.4,11.2,,137.0,10.4,,143.8,12.1
OK,2020,Asthma,,1.6,12.1,,1.2,11.0,,2.0,13.3
OK,2020,Cardiovascular Disease,18.82,244.1,,18.41,239.7,,19.23,248.6,
OK,2020,Chronic Obstructive Pulmonary Disease,5.29,166.4,7.9,5.08,160.3,7.1,5.5,172.6,8.8
OK,2020,Diabetes,,183.5,12.0,,179.6,11.0,,187.4,13.1
OK,2021,Asthma,,1.1,12.1,,0.8,11.0,,1.5,13.3
OK,2021,Cardiovascular Disease,21.13,264.2,36.7,20.69,259.4,35.2,21.58,268.9,38.2
OK,2021,Chronic Obstructive Pulmonary Disease,4.53,168.5,7.3,4.33,162.1,6.5,4.73,174.8,8.2
OK,2021,Diabetes,,216.4,11.8,,212.1,10.8,,220.7,12.8
OK,2022,Asthma,,1.4,12.4,,1.1,11.3,,1.8,13.5
OK,2022,Cardiovascular Disease,21.55,257.1,,21.1,252.5,,22.0,261.7,
OK,2022,Chronic Obstructive Pulmonary Disease,4.56,173.4,7.5,4.36,167.1,6.8,4.77,179.7,8.3
OK,2022,Diabetes,,192.1,12.2,,188.2,11.4,,196.1,13.2
OK,2023,Asthma,,,11.2,,,10.3,,,12.2
OK,2023,Cardiovascular Disease,,,35.9,,,34.6,,,37.2
OK,2023,Chronic Obstructive Pulmonary Disease,,,7.1,,,6.5,,,7.9
OK,2023,Diabetes,,,11.3,,,10.5,,,12.1
OR,2019,Asthma,,0.8,12.3,,0.5,11.2,,1.1,13.4
OR,2019,Cardiovascular Disease,23.87,131.0,27.6,23.35,127.9,26.4,24.4,134.0,28.9
OR,2019,Chronic Obstructive Pulmonary Disease,5.12,105.5,5.5,4.88,100.9,4.9,5.36,110.1,6.3
OR,2019,Diabetes,,85.9,7.5,,83.4,6.8,,88.4,8.3
OR,2020,Asthma,,1.2,11.5,,0.9,10.5,,1.6,12.6
OR,2020,Cardiovascular Disease,19.79,134.0,,19.31,130.9,,20.26,137.1,
OR,2020,Chronic Obstructive Pulmonary Disease,3.08,94.6,5.1,2.9,90.3,4.5,3.27,98.9,5.8
OR,2020,Diabetes,,98.5,8.4,,95.8,7.6,,101.1,9.3
OR,2021,Asthma,,1.3,12.2,,1.0,11.2,,1.7,13.4
OR,2021,Cardiovascular Disease,22.07,148.5,27.7,21.56,145.2,26.4,22.57,151.9,29.0
OR,2021,Chronic Obstructive Pulmonary Disease,2.53,93.7,5.3,2.37,89.3,4.7,2.7,98.1,6.1
OR,2021,Diabetes,,114.8,8.4,,111.9,7.6,,117.7,9.3
OR,2022,Asthma,,1.2,11.4,,0.9,10.5,,1.5,12.5
OR,2022,Cardiovascular Disease,21.76,145.4,,21.26,142.2,,22.25,148.6,
OR,2022,Chronic Obstructive Pulmonary Disease,2.89,94.0,5.8,2.71,89.8,5.1,3.06,98.3,6.6
OR,2022,Diabetes,,110.8,9.1,,108.0,8.2,,113.6,10.1
OR,2023,Asthma,,,11.8,,,10.8,,,12.9
OR,2023,Cardiovascular Disease,,,30.1,,,28.7,,,31.5
OR,2023,Chronic Obstructive Pulmonary Disease,,,5.7,,,5.0,,,6.5
OR,2023,Diabetes,,,9.5,,,8.7,,,10.5
PA,2019,Asthma,,0.8,11.6,,0.6,10.6,,0.9,12.8
PA,2019,Cardiovascular Disease,38.57,172.9,29.5,38.22,171.0,28.2,38.92,174.8,30.8
PA,2019,Chronic Obstructive Pulmonary Disease,11.3,94.7,6.3,11.11,92.3,5.6,11.49,97.1,7.1
PA,2019,Diabetes,,62.7,9.3,,61.5,8.5,,63.9,10.2
PA,2020,Asthma,,1.1,11.3,,0.9,10.2,,1.3,12.6
PA,2020,Cardiovascular Disease,32.43,175.7,,32.1,173.8,,32.76,177.7,
PA,2020,Chronic Obstructive Pulmonary Disease,6.98,89.9,6.4,6.83,87.5,5.7,7.13,92.2,7.3
PA,2020,Diabetes,,82.5,9.9,,81.2,9.0,,83.9,10.8
PA,2021,Asthma,,0.9,11.2,,0.8,10.2,,1.1,12.3
PA,2021,Cardiovascular Disease,36.76,180.6,29.6,36.41,178.6,28.3,37.11,182.6,30.9
PA,2021,Chronic Obstructive Pulmonary Disease,6.72,83.3,6.0,6.57,81.0,5.3,6.87,85.5,6.7
PA,2021,Diabetes,,83.6,9.5,,82.3,8.7,,85.0,10.4
PA,2022,Asthma,,1.0,10.2,,0.9,8.9,,1.2,11.6
PA,2022,Cardiovascular Disease,37.1,173.4,,36.75,171.5,,37.46,175.3,
PA,2022,Chronic Obstructive Pulmonary Disease,6.87,84.6,6.6,6.71,82.3,5.5,7.02,86.8,7.8
PA,2022,Diabetes,,75.5,10.1,,74.3,8.8,,76.8,11.5
PR,2019,Asthma,,,10.8,,,9.8,,,11.8
PR,2019,Cardiovascular Disease,,,36.6,,,35.2,,,38.1
PR,2019,Chronic Obstructive Pulmonary Disease,,,4.5,,,3.9,,,5.3
PR,2019,Diabetes,,,14.5,,,13.6,,,15.6
PR,2020,Asthma,,,10.5,,,9.1,,,12.2
PR,2020,Chronic Obstructive Pulmonary Disease,,,5.1,,,4.4,,,5.9
PR,2020,Diabetes,,,13.4,,,12.1,,,14.9
PR,2021,Asthma,,,11.5,,,10.2,,,12.9
PR,2021,Cardiovascular Disease,,,38.0,,,36.1,,,39.9
PR,2021,Chronic Obstructive Pulmonary Disease,,,4.7,,,4.0,,,5.6
PR,2021,Diabetes,,,14.5,,,13.3,,,15.9
PR,2022,Asthma,,,12.7,,,11.5,,,14.1
PR,2022,Chronic Obstructive Pulmonary Disease,,,4.8,,,4.1,,,5.6
PR,2022,Diabetes,,,15.2,,,14.1,,,16.4
PR,2023,Asthma,,,14.2,,,12.7,,,15.8
PR,2023,Cardiovascular Disease,,,38.5,,,36.8,,,40.3
PR,2023,Chronic Obstructive Pulmonary Disease,,,5.6,,,4.7,,,6.8
PR,2023,Diabetes,,,16.1,,,14.8,,,17.5
RI,2019,Asthma,,,12.0,,,10.7,,,13.3
RI,2019,Cardiovascular Disease,39.12,159.3,30.3,37.82,152.8,28.7,40.42,165.9,31.9
RI,2019,Chronic Obstructive Pulmonary Disease,15.67,94.0,6.2,14.85,85.5,5.5,16.49,102.5,7.0
RI,2019,Diabetes,,65.0,9.1,,60.7,8.3,,69.2,10.1
RI,2020,Asthma,,,12.8,,,11.4,,,14.2
RI,2020,Cardiovascular Disease,31.97,150.5,,30.79,144.3,,33.16,156.8,
RI,2020,Chronic Obstructive Pulmonary Disease,8.77,81.9,6.2,8.16,74.0,5.3,9.39,89.7,7.1
RI,2020,Diabetes,,91.7,9.2,,86.7,8.2,,96.7,10.2
RI,2021,Asthma,,,13.4,,,12.1,,,14.7
RI,2021,Cardiovascular Disease,39.52,158.7,29.9,38.19,152.1,28.4,40.85,165.2,31.4
RI,2021,Chronic Obstructive Pulmonary Disease,8.93,73.6,5.2,8.31,66.1,4.4,9.56,81.1,6.0
RI,2021,Diabetes,,73.0,9.2,,68.6,8.3,,77.5,10.2
RI,2022,Asthma,,,13.4,,,12.1,,,14.8
RI,2022,Cardiovascular Disease,39.12,152.6,,37.8,146.4,,40.44,158.9,
RI,2022,Chronic Obstructive Pulmonary Disease,9.95,73.8,6.1,9.29,66.6,5.3,10.61,81.1,6.9
RI,2022,Diabetes,,98.3,10.2,,93.3,9.3,,103.4,11.1
RI,2023,Asthma,,,12.3,,,11.0,,,13.7
RI,2023,Cardiovascular Disease,,,30.3,,,28.7,,,31.9
RI,2023,Chronic Obstructive Pulmonary Disease,,,5.8,,,5.0,,,6.7
RI,2023,Diabetes,,,10.0,,,9.1,,,11.0
SC,2019,Asthma,,0.8,10.5,,0.6,9.5,,1.1,11.7
SC,2019,Cardiovascular Disease,24.17,164.0,34.6,23.77,160.8,33.3,24.57,167.2,36.0
SC,2019,Chronic Obstructive Pulmonary Disease,8.36,119.5,7.4,8.13,115.0,6.7,8.59,123.9,8.2
SC,2019,Diabetes,,74.0,11.7,,71.9,10.8,,76.1,12.6
SC,2020,Asthma,,1.4,9.8,,1.1,8.6,,1.7,11.2
SC,2020,Cardiovascular Disease,20.09,170.9,,19.73,167.7,,20.46,174.2,
SC,2020,Chronic Obstructive Pulmonary Disease,5.01,119.1,7.2,4.83,114.7,6.3,5.18,123.5,8.2
SC,2020,Diabetes,,101.1,12.1,,98.7,10.9,,103.6,13.3
SC,2021,Asthma,,1.2,9.7,,0.9,8.8,,1.6,10.7
SC,2021,Cardiovascular Disease,22.47,189.1,34.1,22.08,185.7,32.9,22.86,192.6,35.4
SC,2021,Chronic Obstructive Pulmonary Disease,4.4,116.8,6.8,4.24,112.4,6.1,4.57,121.3,7.5
SC,2021,Diabetes,,133.1,12.1,,130.3,11.3,,136.0,12.9
SC,2022,Asthma,,1.1,8.8,,0.8,8.0,,1.4,9.7
SC,2022,Cardiovascular Disease,22.81,177.7,,22.42,174.4,,23.2,180.9,
SC,2022,Chronic Obstructive Pulmonary Disease,4.43,109.2,6.8,4.26,105.0,6.2,4.6,113.3,7.5
SC,2022,Diabetes,,126.5,11.1,,123.8,10.3,,129.2,11.9
SC,2023,Asthma,,,8.6,,,7.7,,,9.6
SC,2023,Cardiovascular Disease,,,34.1,,,32.9,,,35.3
SC,2023,Chronic Obstructive Pulmonary Disease,,,6.7,,,6.0,,,7.4
SC,2023,Diabetes,,,12.7,,,11.9,,,13.6
SD,2019,Asthma,,,9.2,,,7.8,,,10.9
SD,2019,Cardiovascular Disease,16.2,158.1,28.2,15.43,150.7,26.3,16.98,165.5,30.2
SD,2019,Chronic Obstructive Pulmonary Disease,5.41,126.5,5.2,4.97,115.3,4.3,5.85,137.7,6.4
SD,2019,Diabetes,,92.0,9.3,,86.2,8.1,,97.8,10.8
SD,2020,Asthma,,,8.8,,,7.4,,,10.5
SD,2020,Cardiovascular Disease,13.66,155.2,,12.95,147.9,,14.37,162.6,
SD,2020,Chronic Obstructive Pulmonary Disease,3.17,101.7,5.7,2.83,91.7,4.2,3.51,111.6,7.7
SD,2020,Diabetes,,130.7,7.0,,123.9,6.0,,137.5,8.1
SD,2021,Asthma,,,9.4,,,7.8,,,11.2
SD,2021,Cardiovascular Disease,15.08,153.0,30.7,14.32,145.5,28.3,15.83,160.4,33.3
SD,2021,Chronic Obstructive Pulmonary Disease,3.01,115.7,5.4,2.68,104.8,4.2,3.35,126.6,6.9
SD,2021,Diabetes,,120.5,9.6,,113.8,8.3,,127.2,11.2
SD,2022,Asthma,,,8.5,,,7.0,,,10.2
SD,2022,Cardiovascular Disease,14.76,158.2,,14.01,150.8,,15.52,165.6,
SD,2022,Chronic Obstructive Pulmonary Disease,2.25,96.5,6.3,1.96,86.9,4.7,2.53,106.1,8.5
SD,2022,Diabetes,,113.2,8.1,,106.9,6.8,,119.5,9.6
SD,2023,Asthma,,,9.4,,,7.8,,,11.4
SD,2023,Cardiovascular Disease,,,31.7,,,29.0,,,34.5
SD,2023,Chronic Obstructive Pulmonary Disease,,,5.3,,,4.2,,,6.6
SD,2023,Diabetes,,,10.7,,,8.9,,,12.8
TN,2019,Asthma,,1.0,9.8,,0.8,8.8,,1.2,11.0
TN,2019,Cardiovascular Disease,30.32,202.8,36.4,29.88,199.7,34.9,30.75,205.9,37.9
TN,2019,Chronic Obstructive Pulmonary Disease,11.63,147.9,8.9,11.36,143.5,8.0,11.89,152.3,9.8
TN,2019,Diabetes,,87.9,12.2,,85.9,11.3,,90.0,13.2
TN,2020,Asthma,,1.2,11.0,,1.0,9.8,,1.5,12.4
TN,2020,Cardiovascular Disease,24.75,212.0,,24.36,208.9,,25.14,215.2,
TN,2020,Chronic Obstructive Pulmonary Disease,6.72,142.0,8.6,6.52,137.8,7.6,6.92,146.3,9.7
TN,2020,Diabetes,,109.5,12.8,,107.3,11.6,,111.8,14.1
TN,2021,Asthma,,1.1,11.7,,0.9,10.5,,1.4,13.0
TN,2021,Cardiovascular Disease,26.89,223.8,34.7,26.48,220.5,33.1,27.31,227.1,36.3
TN,2021,Chronic Obstructive Pulmonary Disease,5.87,142.7,9.3,5.68,138.4,8.4,6.06,147.0,10.4
TN,2021,Diabetes,,120.7,12.3,,118.3,11.3,,123.1,13.4
TN,2022,Asthma,,1.1,11.7,,0.9,10.5,,1.4,13.0
TN,2022,Cardiovascular Disease,28.27,218.3,,27.85,215.1,,28.7,221.5,
TN,2022,Chronic Obstructive Pulmonary Disease,5.53,129.9,10.6,5.34,125.8,9.6,5.71,133.9,11.7
TN,2022,Diabetes,,109.2,13.1,,107.0,12.1,,111.4,14.2
TN,2023,Asthma,,,11.1,,,10.0,,,12.4
TN,2023,Cardiovascular Disease,,,37.2,,,35.6,,,38.8
TN,2023,Chronic Obstructive Pulmonary Disease,,,9.3,,,8.3,,,10.4
TN,2023,Diabetes,,,12.7,,,11.7,,,13.8
TX,2019,Asthma,,0.7,7.6,,0.6,6.7,,0.8,8.5
TX,2019,Cardiovascular Disease,28.95,163.4,31.2,28.71,161.9,29.8,29.19,165.0,32.5
TX,2019,Chronic Obstructive Pulmonary Disease,8.7,108.0,5.1,8.57,105.9,4.5,8.83,110.1,5.7
TX,2019,Diabetes,,81.8,11.9,,80.8,10.9,,82.9,13.0
TX,2020,Asthma,,0.9,8.5,,0.8,7.6,,1.0,9.5
TX,2020,Cardiovascular Disease,23.58,173.9,,23.37,172.3,,23.8,175.4,
TX,2020,Chronic Obstructive Pulmonary Disease,4.99,100.5,4.9,4.89,98.5,4.3,5.09,102.5,5.7
TX,2020,Diabetes,,115.7,12.2,,114.5,11.1,,117.0,13.3
TX,2021,Asthma,,1.0,9.0,,0.9,8.1,,1.1,10.0
TX,2021,Cardiovascular Disease,27.68,180.7,31.5,27.44,179.1,30.1,27.92,182.3,33.0
TX,2021,Chronic Obstructive Pulmonary Disease,4.74,99.2,5.8,4.64,97.2,5.2,4.83,101.2,6.6
TX,2021,Diabetes,,124.3,11.2,,123.0,10.2,,125.6,12.2
TX,2022,Asthma,,0.8,7.9,,0.7,7.2,,0.9,8.6
TX,2022,Cardiovascular Disease,29.77,172.3,,29.53,170.8,,30.02,173.8,
TX,2022,Chronic Obstructive Pulmonary Disease,5.05,94.5,5.6,4.95,92.6,5.0,5.15,96.4,6.2
TX,2022,Diabetes,,102.6,13.4,,101.5,12.4,,103.8,14.6
TX,2023,Asthma,,,8.3,,,7.4,,,9.3
TX,2023,Cardiovascular Disease,,,31.0,,,29.5,,,32.5
TX,2023,Chronic Obstructive Pulmonary Disease,,,4.8,,,4.2,,,5.5
TX,2023,Diabetes,,,12.1,,,11.0,,,13.3
UT,2019,Asthma,,0.9,10.9,,0.6,10.2,,1.4,11.6
UT,2019,Cardiovascular Disease,13.99,146.5,26.9,13.46,141.9,26.0,14.52,151.1,27.8
UT,2019,Chronic Obstructive Pulmonary Disease,2.6,86.0,4.3,2.37,80.0,3.8,2.82,92.0,4.7
UT,2019,Diabetes,,67.2,8.4,,64.1,7.8,,70.3,9.0
UT,2020,Asthma,,0.9,11.8,,0.6,11.0,,1.4,12.6
UT,2020,Cardiovascular Disease,12.22,155.6,,11.73,150.8,,12.72,160.3,
UT,2020,Chronic Obstructive Pulmonary Disease,1.87,90.6,4.3,1.68,84.6,3.8,2.06,96.6,4.7
UT,2020,Diabetes,,84.4,8.6,,81.0,8.0,,87.8,9.2
UT,2021,Asthma,,0.8,10.8,,0.5,10.0,,1.3,11.5
UT,2021,Cardiovascular Disease,14.4,162.4,27.6,13.86,157.5,26.6,14.94,167.4,28.5
UT,2021,Chronic Obstructive Pulmonary Disease,1.92,83.5,4.4,1.73,77.7,3.9,2.11,89.3,4.9
UT,2021,Diabetes,,91.2,8.3,,87.7,7.7,,94.8,8.9
UT,2022,Asthma,,0.9,10.9,,0.6,10.1,,1.3,11.7
UT,2022,Cardiovascular Disease,14.4,159.4,,13.86,154.6,,14.94,164.1,
UT,2022,Chronic Obstructive Pulmonary Disease,2.24,83.4,4.4,2.03,77.7,3.9,2.45,89.1,5.0
UT,2022,Diabetes,,77.3,9.1,,74.1,8.4,,80.6,9.7
UT,2023,Asthma,,,10.9,,,10.2,,,11.8
UT,2023,Cardiovascular Disease,,,28.0,,,27.0,,,29.1
UT,2023,Chronic Obstructive Pulmonary Disease,,,3.8,,,3.3,,,4.2
UT,2023,Diabetes,,,8.1,,,7.5,,,8.7
VA,2019,Asthma,,1.0,9.4,,0.8,8.7,,1.3,10.3
VA,2019,Cardiovascular Disease,24.77,149.1,31.3,24.46,146.7,30.2,25.09,151.5,32.4
VA,2019,Chronic Obstructive Pulmonary Disease,7.02,99.0,6.1,6.85,95.7,5.5,7.19,102.3,6.7
VA,2019,Diabetes,,55.5,9.9,,54.0,9.3,,56.9,10.6
VA,2020,Asthma,,1.2,9.5,,1.0,8.7,,1.4,10.3
VA,2020,Cardiovascular Disease,20.2,152.0,,19.91,149.5,,20.48,154.4,
VA,2020,Chronic Obstructive Pulmonary Disease,4.51,89.2,5.3,4.38,86.1,4.8,4.65,92.2,5.9
VA,2020,Diabetes,,71.8,9.9,,70.2,9.2,,73.4,10.7
VA,2021,Asthma,,0.9,10.7,,0.7,9.9,,1.1,11.6
VA,2021,Cardiovascular Disease,22.39,167.2,31.7,22.09,164.7,30.6,22.7,169.8,32.8
VA,2021,Chronic Obstructive Pulmonary Disease,3.88,85.3,6.0,3.76,82.2,5.4,4.01,88.3,6.6
VA,2021,Diabetes,,82.6,10.2,,80.8,9.5,,84.4,11.0
VA,2022,Asthma,,0.7,9.9,,0.5,9.0,,0.9,10.9
VA,2022,Cardiovascular Disease,21.92,159.2,,21.62,156.8,,22.22,161.7,
VA,2022,Chronic Obstructive Pulmonary Disease,3.92,81.5,6.5,3.8,78.7,5.9,4.05,84.4,7.2
VA,2022,Diabetes,,79.3,11.3,,77.6,10.6,,81.0,12.2
VA,2023,Asthma,,,10.1,,,9.0,,,11.2
VA,2023,Cardiovascular Disease,,,33.0,,,31.4,,,34.6
VA,2023,Chronic Obstructive Pulmonary Disease,,,6.3,,,5.5,,,7.2
VA,2023,Diabetes,,,10.4,,,9.5,,,11.4
VI,2021,Asthma,,,5.8,,,4.0,,,8.3
VI,2021,Cardiovascular Disease,,,29.5,,,25.0,,,34.4
VI,2021,Diabetes,,,13.1,,,8.8,,,19.1
VI,2022,Asthma,,,10.7,,,6.4,,,17.3
VI,2022,Chronic Obstructive Pulmonary Disease,,,1.0,,,0.6,,,1.6
VI,2022,Diabetes,,,12.5,,,9.4,,,16.5
VI,2023,Asthma,,,5.7,,,3.7,,,8.8
VI,2023,Cardiovascular Disease,,,30.4,,,27.1,,,33.9
VI,2023,Chronic Obstructive Pulmonary Disease,,,2.3,,,1.5,,,3.5
VI,2023,Diabetes,,,12.2,,,10.3,,,14.4
VT,2019,Asthma,,,12.7,,,11.4,,,14.2
VT,2019,Cardiovascular Disease,12.71,151.6,26.8,12.01,143.4,25.3,13.42,159.9,28.3
VT,2019,Chronic Obstructive Pulmonary Disease,4.29,100.7,5.7,3.89,89.6,5.0,4.69,111.8,6.5
VT,2019,Diabetes,,83.3,7.4,,77.2,6.6,,89.4,8.4
VT,2020,Asthma,,,12.2,,,10.9,,,13.6
VT,2020,Cardiovascular Disease,11.32,167.1,,10.65,158.5,,11.98,175.7,
VT,2020,Chronic Obstructive Pulmonary Disease,2.72,100.7,5.2,2.4,89.7,4.6,3.04,111.7,5.9
VT,2020,Diabetes,,98.0,6.8,,91.4,6.1,,104.6,7.7
VT,2021,Asthma,,,13.0,,,11.7,,,14.4
VT,2021,Cardiovascular Disease,12.09,175.7,26.2,11.4,166.9,24.8,12.79,184.6,27.7
VT,2021,Chronic Obstructive Pulmonary Disease,2.93,86.2,5.7,2.6,76.1,5.0,3.26,96.3,6.5
VT,2021,Diabetes,,101.5,7.2,,94.8,6.4,,108.2,8.0
VT,2022,Asthma,,,13.3,,,12.2,,,14.4
VT,2022,Cardiovascular Disease,13.65,165.1,,12.9,156.8,,14.41,173.4,
VT,2022,Chronic Obstructive Pulmonary Disease,2.94,80.9,5.9,2.6,71.3,5.3,3.28,90.5,6.6
VT,2022,Diabetes,,101.7,7.0,,95.2,6.3,,108.1,7.8
VT,2023,Asthma,,,11.4,,,10.2,,,12.6
VT,2023,Cardiovascular Disease,,,28.1,,,26.8,,,29.5
VT,2023,Chronic Obstructive Pulmonary Disease,,,5.4,,,4.8,,,6.2
VT,2023,Diabetes,,,7.8,,,7.0,,,8.7
WA,2019,Asthma,,1.0,10.5,,0.8,9.8,,1.2,11.3
WA,2019,Cardiovascular Disease,20.41,134.8,28.3,20.07,132.4,27.4,20.74,137.3,29.2
WA,2019,Chronic Obstructive Pulmonary Disease,3.91,93.8,4.8,3.76,90.3,4.3,4.05,97.2,5.2
WA,2019,Diabetes,,71.0,8.6,,69.2,8.1,,72.8,9.2
WA,2020,Asthma,,1.3,10.4,,1.1,9.7,,1.6,11.1
WA,2020,Cardiovascular Disease,17.47,134.6,,17.16,132.1,,17.78,137.0,
WA,2020,Chronic Obstructive Pulmonary Disease,2.47,80.4,4.9,2.36,77.2,4.5,2.59,83.5,5.4
WA,2020,Diabetes,,86.3,7.9,,84.4,7.4,,88.3,8.5
WA,2021,Asthma,,1.0,11.2,,0.8,10.5,,1.2,12.0
WA,2021,Cardiovascular Disease,18.75,147.7,27.5,18.43,145.1,26.6,19.07,150.3,28.5
WA,2021,Chronic Obstructive Pulmonary Disease,2.09,80.3,4.7,1.98,77.1,4.3,2.2,83.5,5.1
WA,2021,Diabetes,,98.7,7.9,,96.6,7.4,,100.8,8.5
WA,2022,Asthma,,1.0,10.9,,0.8,10.4,,1.3,11.5
WA,2022,Cardiovascular Disease,18.7,142.7,,18.38,140.3,,19.02,145.2,
WA,2022,Chronic Obstructive Pulmonary Disease,2.3,83.8,4.8,2.19,80.7,4.5,2.42,87.0,5.2
WA,2022,Diabetes,,92.8,8.8,,90.8,8.4,,94.7,9.3
WA,2023,Asthma,,,10.7,,,10.2,,,11.2
WA,2023,Cardiovascular Disease,,,28.3,,,27.6,,,28.9
WA,2023,Chronic Obstructive Pulmonary Disease,,,4.0,,,3.8,,,4.3
WA,2023,Diabetes,,,8.6,,,8.2,,,9.0
WI,2019,Asthma,,1.1,10.9,,0.9,9.7,,1.4,12.2
WI,2019,Cardiovascular Disease,28.98,158.8,27.9,28.49,155.9,26.4,29.46,161.6,29.4
WI,2019,Chronic Obstructive Pulmonary Disease,7.38,101.2,4.9,7.14,97.4,4.2,7.62,105.1,5.8
WI,2019,Diabetes,,77.4,7.5,,75.4,6.7,,79.4,8.4
WI,2020,Asthma,,1.3,10.9,,1.0,9.6,,1.6,12.3
WI,2020,Cardiovascular Disease,25.04,162.2,,24.59,159.4,,25.5,165.1,
WI,2020,Chronic Obstructive Pulmonary Disease,4.48,97.4,4.7,4.29,93.7,4.0,4.67,101.2,5.5
WI,2020,Diabetes,,105.7,7.7,,103.4,6.9,,108.1,8.6
WI,2021,Asthma,,1.0,11.1,,0.8,9.9,,1.3,12.4
WI,2021,Cardiovascular Disease,27.89,171.7,28.0,27.4,168.7,26.6,28.38,174.7,29.5
WI,2021,Chronic Obstructive Pulmonary Disease,4.05,87.9,4.9,3.87,84.3,4.1,4.24,91.5,5.9
WI,2021,Diabetes,,109.1,8.0,,106.7,7.1,,111.5,9.0
WI,2022,Asthma,,1.2,11.1,,1.0,10.3,,1.5,12.1
WI,2022,Cardiovascular Disease,28.46,166.6,,27.97,163.7,,28.96,169.5,
WI,2022,Chronic Obstructive Pulmonary Disease,4.19,92.1,5.8,4.0,88.5,5.3,4.37,95.7,6.5
WI,2022,Diabetes,,96.9,8.9,,94.7,8.3,,99.1,9.6
WI,2023,Asthma,,,11.0,,,10.1,,,11.9
WI,2023,Cardiovascular Disease,,,29.5,,,28.5,,,30.5
WI,2023,Chronic Obstructive Pulmonary Disease,,,5.2,,,4.8,,,5.8
WI,2023,Diabetes,,,9.6,,,9.0,,,10.2
WV,2019,Asthma,,,12.1,,,10.9,,,13.4
WV,2019,Cardiovascular Disease,32.49,197.4,39.0,31.71,191.9,37.4,33.27,202.9,40.7
WV,2019,Chronic Obstructive Pulmonary Disease,14.73,174.4,10.7,14.22,165.9,9.8,15.25,183.0,11.7
WV,2019,Diabetes,,100.9,13.2,,96.9,12.2,,104.9,14.3
WV,2020,Asthma,,,13.5,,,12.4,,,14.8
WV,2020,Cardiovascular Disease,27.99,197.8,,27.25,192.2,,28.73,203.3,
WV,2020,Chronic Obstructive Pulmonary Disease,8.81,167.2,11.9,8.4,158.8,11.0,9.22,175.5,12.9
WV,2020,Diabetes,,120.9,13.3,,116.5,12.3,,125.3,14.2
WV,2021,Asthma,,,13.0,,,11.9,,,14.2
WV,2021,Cardiovascular Disease,29.36,223.0,38.3,28.59,217.0,36.9,30.14,229.0,39.7
WV,2021,Chronic Obstructive Pulmonary Disease,7.8,165.0,11.5,7.4,156.6,10.6,8.19,173.3,12.4
WV,2021,Diabetes,,145.9,13.3,,141.1,12.4,,150.8,14.2
WV,2022,Asthma,,1.0,12.9,,0.6,11.7,,1.6,14.3
WV,2022,Cardiovascular Disease,28.3,209.5,,27.52,203.8,,29.07,215.2,
WV,2022,Chronic Obstructive Pulmonary Disease,7.67,172.8,12.3,7.27,164.3,11.1,8.07,181.3,13.5
WV,2022,Diabetes,,135.3,14.6,,130.7,13.6,,139.9,15.7
WV,2023,Asthma,,,13.9,,,12.5,,,15.4
WV,2023,Cardiovascular Disease,,,39.6,,,37.9,,,41.3
WV,2023,Chronic Obstructive Pulmonary Disease,,,10.8,,,9.7,,,11.9
WV,2023,Diabetes,,,15.1,,,13.9,,,16.3
WY,2019,Asthma,,,10.0,,,8.8,,,11.5
WY,2019,Cardiovascular Disease,10.47,150.4,28.2,9.76,141.2,26.5,11.18,159.6,30.0
WY,2019,Chronic Obstructive Pulmonary Disease,4.36,144.9,6.0,3.92,130.0,5.2,4.81,159.9,7.0
WY,2019,Diabetes,,75.7,6.8,,69.2,6.0,,82.3,7.8
WY,2020,Asthma,,,11.1,,,9.8,,,12.7
WY,2020,Cardiovascular Disease,8.05,160.4,,7.44,151.0,,8.66,169.8,
WY,2020,Chronic Obstructive Pulmonary Disease,2.62,147.6,5.5,2.28,132.7,4.8,2.97,162.6,6.3
WY,2020,Diabetes,,103.6,7.6,,96.1,6.7,,111.1,8.6
WY,2021,Asthma,,,10.0,,,8.7,,,11.5
WY,2021,Cardiovascular Disease,8.66,159.4,27.2,8.02,149.8,25.5,9.29,169.0,29.0
WY,2021,Chronic Obstructive Pulmonary Disease,2.19,134.3,5.6,1.88,119.8,4.8,2.5,148.9,6.6
WY,2021,Diabetes,,115.0,7.7,,107.0,6.8,,123.0,8.6
WY,2022,Asthma,,,10.8,,,9.5,,,12.2
WY,2022,Cardiovascular Disease,10.16,157.1,,9.48,147.8,,10.83,166.4,
WY,2022,Chronic Obstructive Pulmonary Disease,2.56,126.5,6.0,2.23,112.9,5.3,2.89,140.1,6.8
WY,2022,Diabetes,,105.1,8.1,,97.5,7.3,,112.6,9.0
WY,2023,Asthma,,,10.1,,,8.9,,,11.5
WY,2023,Cardiovascular Disease,,,28.1,,,26.5,,,29.7
WY,2023,Chronic Obstructive Pulmonary Disease,,,6.6,,,5.7,,,7.7
WY,2023,Diabetes,,,9.4,,,8.5,,,10.5
