state,condition,strat_category,n_cells,n_suppressed,n_no_data,suppression_share
AK,asthma,Race/Ethnicity,63,43,0,0.6825396825396826
AK,asthma,Sex,18,8,0,0.4444444444444444
AK,cardiovascular,Race/Ethnicity,90,22,0,0.24444444444444444
AK,cardiovascular,Sex,28,0,0,0.0
AK,copd,Race/Ethnicity,118,77,4,0.6754385964912281
AK,copd,Sex,36,0,0,0.0
AK,diabetes,Race/Ethnicity,63,25,0,0.3968253968253968
AK,diabetes,Sex,18,0,0,0.0
AL,asthma,Race/Ethnicity,63,41,0,0.6507936507936508
AL,asthma,Sex,18,0,0,0.0
AL,cardiovascular,Race/Ethnicity,90,34,0,0.37777777777777777
AL,cardiovascular,Sex,28,0,0,0.0
AL,copd,Race/Ethnicity,118,73,2,0.6293103448275862
AL,copd,Sex,36,0,0,0.0
AL,diabetes,Race/Ethnicity,63,33,0,0.5238095238095238
AL,diabetes,Sex,18,0,0,0.0
AR,asthma,Race/Ethnicity,63,44,0,0.6984126984126984
AR,asthma,Sex,18,6,0,0.3333333333333333
AR,cardiovascular,Race/Ethnicity,90,28,0,0.3111111111111111
AR,cardiovascular,Sex,28,0,0,0.0
AR,copd,Race/Ethnicity,118,71,5,0.6283185840707964
AR,copd,Sex,36,0,0,0.0
AR,diabetes,Race/Ethnicity,63,25,0,0.3968253968253968
AR,diabetes,Sex,18,0,0,0.0
AZ,asthma,Race/Ethnicity,63,32,0,0.5079365079365079
AZ,asthma,Sex,18,0,0,0.0
AZ,cardiovascular,Race/Ethnicity,90,11,0,0.12222222222222222
AZ,cardiovascular,Sex,28,0,0,0.0
AZ,copd,Race/Ethnicity,118,52,2,0.4482758620689655
AZ,copd,Sex,36,0,0,0.0
AZ,diabetes,Race/Ethnicity,63,8,0,0.12698412698412698
AZ,diabetes,Sex,18,0,0,0.0
CA,asthma,Race/Ethnicity,63,20,0,0.31746031746031744
CA,asthma,Sex,18,0,0,0.0
CA,cardiovascular,Race/Ethnicity,90,9,0,0.1
CA,cardiovascular,Sex,28,0,0,0.0
CA,copd,Race/Ethnicity,118,42,2,0.3620689655172414
CA,copd,Sex,36,1,0,0.027777777777777776
CA,diabetes,Race/Ethnicity,63,8,0,0.12698412698412698
CA,diabetes,Sex,18,0,0,0.0
CO,asthma,Race/Ethnicity,63,37,0,0.5873015873015873
CO,asthma,Sex,18,1,0,0.05555555555555555
CO,cardiovascular,Race/Ethnicity,90,19,0,0.2111111111111111
CO,cardiovascular,Sex,28,0,0,0.0
CO,copd,Race/Ethnicity,118,65,4,0.5701754385964912
CO,copd,Sex,36,0,0,0.0
CO,diabetes,Race/Ethnicity,63,21,0,0.3333333333333333
CO,diabetes,Sex,18,0,0,0.0
CT,asthma,Race/Ethnicity,63,37,0,0.5873015873015873
CT,asthma,Sex,18,4,0,0.2222222222222222
CT,cardiovascular,Race/Ethnicity,90,34,0,0.37777777777777777
CT,cardiovascular,Sex,28,0,0,0.0
CT,copd,Race/Ethnicity,118,70,4,0.6140350877192983
CT,copd,Sex,36,0,0,0.0
CT,diabetes,Race/Ethnicity,63,25,0,0.3968253968253968
CT,diabetes,Sex,18,0,0,0.0
DC,asthma,Race/Ethnicity,63,47,0,0.746031746031746
DC,asthma,Sex,18,8,0,0.4444444444444444
DC,cardiovascular,Race/Ethnicity,90,44,1,0.4943820224719101
DC,cardiovascular,Sex,28,0,0,0.0
DC,copd,Race/Ethnicity,118,79,7,0.7117117117117117
DC,copd,Sex,36,5,0,0.1388888888888889
DC,diabetes,Race/Ethnicity,63,39,0,0.6190476190476191
DC,diabetes,Sex,18,0,0,0.0
DE,asthma,Race/Ethnicity,63,46,0,0.7301587301587301
DE,asthma,Sex,18,8,0,0.4444444444444444
DE,cardiovascular,Race/Ethnicity,90,33,1,0.3707865168539326
DE,cardiovascular,Sex,28,0,0,0.0
DE,copd,Race/Ethnicity,118,81,4,0.7105263157894737
DE,copd,Sex,36,0,0,0.0
DE,diabetes,Race/Ethnicity,63,35,0,0.5555555555555556
DE,diabetes,Sex,18,0,0,0.0
FL,asthma,Race/Ethnicity,63,28,7,0.5
FL,asthma,Sex,18,0,2,0.0
FL,cardiovascular,Race/Ethnicity,90,10,14,0.13157894736842105
FL,cardiovascular,Sex,28,0,4,0.0
FL,copd,Race/Ethnicity,118,41,14,0.3942307692307692
FL,copd,Sex,36,0,4,0.0
FL,diabetes,Race/Ethnicity,63,17,7,0.30357142857142855
FL,diabetes,Sex,18,0,2,0.0
GA,asthma,Race/Ethnicity,63,37,0,0.5873015873015873
GA,asthma,Sex,18,0,0,0.0
GA,cardiovascular,Race/Ethnicity,90,27,0,0.3
GA,cardiovascular,Sex,28,0,0,0.0
GA,copd,Race/Ethnicity,118,64,4,0.5614035087719298
GA,copd,Sex,36,0,0,0.0
GA,diabetes,Race/Ethnicity,63,26,0,0.4126984126984127
GA,diabetes,Sex,18,0,0,0.0
GU,asthma,Race/Ethnicity,35,19,4,0.6129032258064516
GU,asthma,Sex,10,0,0,0.0
GU,cardiovascular,Race/Ethnicity,42,10,4,0.2631578947368421
GU,cardiovascular,Sex,12,0,0,0.0
GU,copd,Race/Ethnicity,70,53,12,0.9137931034482759
GU,copd,Sex,20,11,0,0.55
GU,diabetes,Race/Ethnicity,35,9,4,0.2903225806451613
GU,diabetes,Sex,10,0,0,0.0
HI,asthma,Race/Ethnicity,63,38,0,0.6031746031746031
HI,asthma,Sex,18,8,0,0.4444444444444444
HI,cardiovascular,Race/Ethnicity,90,21,0,0.23333333333333334
HI,cardiovascular,Sex,28,0,0,0.0
HI,copd,Race/Ethnicity,118,55,1,0.4700854700854701
HI,copd,Sex,36,1,0,0.027777777777777776
HI,diabetes,Race/Ethnicity,63,18,0,0.2857142857142857
HI,diabetes,Sex,18,0,0,0.0
IA,asthma,Race/Ethnicity,63,39,0,0.6190476190476191
IA,asthma,Sex,18,2,0,0.1111111111111111
IA,cardiovascular,Race/Ethnicity,90,32,0,0.35555555555555557
IA,cardiovascular,Sex,28,0,0,0.0
IA,copd,Race/Ethnicity,118,85,3,0.7391304347826086
IA,copd,Sex,36,0,0,0.0
IA,diabetes,Race/Ethnicity,63,29,0,0.4603174603174603
IA,diabetes,Sex,18,0,0,0.0
ID,asthma,Race/Ethnicity,63,49,0,0.7777777777777778
ID,asthma,Sex,18,8,0,0.4444444444444444
ID,cardiovascular,Race/Ethnicity,90,46,0,0.5111111111111111
ID,cardiovascular,Sex,28,0,0,0.0
ID,copd,Race/Ethnicity,118,87,6,0.7767857142857143
ID,copd,Sex,36,0,0,0.0
ID,diabetes,Race/Ethnicity,63,36,0,0.5714285714285714
ID,diabetes,Sex,18,0,0,0.0
IL,asthma,Race/Ethnicity,63,37,0,0.5873015873015873
IL,asthma,Sex,18,0,0,0.0
IL,cardiovascular,Race/Ethnicity,90,27,1,0.30337078651685395
IL,cardiovascular,Sex,28,0,0,0.0
IL,copd,Race/Ethnicity,118,62,3,0.5391304347826087
IL,copd,Sex,36,0,0,0.0
IL,diabetes,Race/Ethnicity,63,24,0,0.38095238095238093
IL,diabetes,Sex,18,0,0,0.0
IN,asthma,Race/Ethnicity,63,34,0,0.5396825396825397
IN,asthma,Sex,18,0,0,0.0
IN,cardiovascular,Race/Ethnicity,90,28,0,0.3111111111111111
IN,cardiovascular,Sex,28,0,0,0.0
IN,copd,Race/Ethnicity,118,58,4,0.5087719298245614
IN,copd,Sex,36,0,0,0.0
IN,diabetes,Race/Ethnicity,63,24,0,0.38095238095238093
IN,diabetes,Sex,18,0,0,0.0
KS,asthma,Race/Ethnicity,63,35,0,0.5555555555555556
KS,asthma,Sex,18,7,0,0.3888888888888889
KS,cardiovascular,Race/Ethnicity,90,14,0,0.15555555555555556
KS,cardiovascular,Sex,28,0,0,0.0
KS,copd,Race/Ethnicity,118,62,4,0.543859649122807
KS,copd,Sex,36,0,0,0.0
KS,diabetes,Race/Ethnicity,63,14,0,0.2222222222222222
KS,diabetes,Sex,18,0,0,0.0
KY,asthma,Race/Ethnicity,63,41,7,0.7321428571428571
KY,asthma,Sex,18,6,2,0.375
KY,cardiovascular,Race/Ethnicity,90,30,14,0.39473684210526316
KY,cardiovascular,Sex,28,0,4,0.0
KY,copd,Race/Ethnicity,118,69,18,0.69
KY,copd,Sex,36,0,4,0.0
KY,diabetes,Race/Ethnicity,63,29,7,0.5178571428571429
KY,diabetes,Sex,18,0,2,0.0
LA,asthma,Race/Ethnicity,63,44,0,0.6984126984126984
LA,asthma,Sex,18,4,0,0.2222222222222222
LA,cardiovascular,Race/Ethnicity,90,29,0,0.32222222222222224
LA,cardiovascular,Sex,28,0,0,0.0
LA,copd,Race/Ethnicity,118,67,4,0.5877192982456141
LA,copd,Sex,36,0,0,0.0
LA,diabetes,Race/Ethnicity,63,23,0,0.36507936507936506
LA,diabetes,Sex,18,0,0,0.0
MA,asthma,Race/Ethnicity,63,39,0,0.6190476190476191
MA,asthma,Sex,18,0,0,0.0
MA,cardiovascular,Race/Ethnicity,90,27,0,0.3
MA,cardiovascular,Sex,28,0,0,0.0
MA,copd,Race/Ethnicity,118,67,3,0.5826086956521739
MA,copd,Sex,36,0,0,0.0
MA,diabetes,Race/Ethnicity,63,21,0,0.3333333333333333
MA,diabetes,Sex,18,0,0,0.0
MD,asthma,Race/Ethnicity,63,28,0,0.4444444444444444
MD,asthma,Sex,18,0,0,0.0
MD,cardiovascular,Race/Ethnicity,90,23,0,0.25555555555555554
MD,cardiovascular,Sex,28,0,0,0.0
MD,copd,Race/Ethnicity,118,61,2,0.5258620689655172
MD,copd,Sex,36,0,0,0.0
MD,diabetes,Race/Ethnicity,63,17,0,0.2698412698412698
MD,diabetes,Sex,18,0,0,0.0
ME,asthma,Race/Ethnicity,63,47,0,0.746031746031746
ME,asthma,Sex,18,8,0,0.4444444444444444
ME,cardiovascular,Race/Ethnicity,90,54,0,0.6
ME,cardiovascular,Sex,28,0,0,0.0
ME,copd,Race/Ethnicity,118,87,3,0.7565217391304347
ME,copd,Sex,36,0,0,0.0
ME,diabetes,Race/Ethnicity,63,43,0,0.6825396825396826
ME,diabetes,Sex,18,0,0,0.0
MI,asthma,Race/Ethnicity,63,34,0,0.5396825396825397
MI,asthma,Sex,18,0,0,0.0
MI,cardiovascular,Race/Ethnicity,90,15,1,0.16853932584269662
MI,cardiovascular,Sex,28,0,0,0.0
MI,copd,Race/Ethnicity,118,51,2,0.4396551724137931
MI,copd,Sex,36,0,0,0.0
MI,diabetes,Race/Ethnicity,63,15,0,0.23809523809523808
MI,diabetes,Sex,18,0,0,0.0
MN,asthma,Race/Ethnicity,63,30,0,0.47619047619047616
MN,asthma,Sex,18,0,0,0.0
MN,cardiovascular,Race/Ethnicity,90,11,0,0.12222222222222222
MN,cardiovascular,Sex,28,0,0,0.0
MN,copd,Race/Ethnicity,118,56,5,0.49557522123893805
MN,copd,Sex,36,0,0,0.0
MN,diabetes,Race/Ethnicity,63,12,0,0.19047619047619047
MN,diabetes,Sex,18,0,0,0.0
MO,asthma,Race/Ethnicity,63,37,0,0.5873015873015873
MO,asthma,Sex,18,0,0,0.0
MO,cardiovascular,Race/Ethnicity,90,21,0,0.23333333333333334
MO,cardiovascular,Sex,28,0,0,0.0
MO,copd,Race/Ethnicity,118,64,5,0.5663716814159292
MO,copd,Sex,36,0,0,0.0
MO,diabetes,Race/Ethnicity,63,22,0,0.3492063492063492
MO,diabetes,Sex,18,0,0,0.0
MS,asthma,Race/Ethnicity,63,46,0,0.7301587301587301
MS,asthma,Sex,18,0,0,0.0
MS,cardiovascular,Race/Ethnicity,90,42,0,0.4666666666666667
MS,cardiovascular,Sex,28,0,0,0.0
MS,copd,Race/Ethnicity,118,74,7,0.6666666666666666
MS,copd,Sex,36,0,0,0.0
MS,diabetes,Race/Ethnicity,63,32,0,0.5079365079365079
MS,diabetes,Sex,18,0,0,0.0
MT,asthma,Race/Ethnicity,63,44,0,0.6984126984126984
MT,asthma,Sex,18,8,0,0.4444444444444444
MT,cardiovascular,Race/Ethnicity,90,46,0,0.5111111111111111
MT,cardiovascular,Sex,28,0,0,0.0
MT,copd,Race/Ethnicity,118,75,7,0.6756756756756757
MT,copd,Sex,36,0,0,0.0
MT,diabetes,Race/Ethnicity,63,32,0,0.5079365079365079
MT,diabetes,Sex,18,0,0,0.0
NC,asthma,Race/Ethnicity,63,36,0,0.5714285714285714
NC,asthma,Sex,18,0,0,0.0
NC,cardiovascular,Race/Ethnicity,90,19,1,0.21348314606741572
NC,cardiovascular,Sex,28,0,0,0.0
NC,copd,Race/Ethnicity,118,56,4,0.49122807017543857
NC,copd,Sex,36,0,0,0.0
NC,diabetes,Race/Ethnicity,63,19,0,0.30158730158730157
NC,diabetes,Sex,18,0,0,0.0
ND,asthma,Race/Ethnicity,63,50,0,0.7936507936507936
ND,asthma,Sex,18,8,0,0.4444444444444444
ND,cardiovascular,Race/Ethnicity,90,53,1,0.5955056179775281
ND,cardiovascular,Sex,28,0,0,0.0
ND,copd,Race/Ethnicity,118,78,9,0.7155963302752294
ND,copd,Sex,36,0,0,0.0
ND,diabetes,Race/Ethnicity,63,41,0,0.6507936507936508
ND,diabetes,Sex,18,0,0,0.0
NE,asthma,Race/Ethnicity,63,42,0,0.6666666666666666
NE,asthma,Sex,18,7,0,0.3888888888888889
NE,cardiovascular,Race/Ethnicity,90,28,0,0.3111111111111111
NE,cardiovascular,Sex,28,0,0,0.0
NE,copd,Race/Ethnicity,118,76,5,0.672566371681416
NE,copd,Sex,36,0,0,0.0
NE,diabetes,Race/Ethnicity,63,18,0,0.2857142857142857
NE,diabetes,Sex,18,0,0,0.0
NH,asthma,Race/Ethnicity,63,50,1,0.8064516129032258
NH,asthma,Sex,18,8,0,0.4444444444444444
NH,cardiovascular,Race/Ethnicity,90,53,1,0.5955056179775281
NH,cardiovascular,Sex,28,0,0,0.0
NH,copd,Race/Ethnicity,118,86,10,0.7962962962962963
NH,copd,Sex,36,1,0,0.027777777777777776
NH,diabetes,Race/Ethnicity,63,51,1,0.8225806451612904
NH,diabetes,Sex,18,0,0,0.0
NJ,asthma,Race/Ethnicity,63,27,7,0.48214285714285715
NJ,asthma,Sex,18,0,2,0.0
NJ,cardiovascular,Race/Ethnicity,90,21,14,0.27631578947368424
NJ,cardiovascular,Sex,28,0,4,0.0
NJ,copd,Race/Ethnicity,118,48,17,0.4752475247524752
NJ,copd,Sex,36,0,4,0.0
NJ,diabetes,Race/Ethnicity,63,20,7,0.35714285714285715
NJ,diabetes,Sex,18,0,2,0.0
NM,asthma,Race/Ethnicity,63,48,0,0.7619047619047619
NM,asthma,Sex,18,6,0,0.3333333333333333
NM,cardiovascular,Race/Ethnicity,90,28,0,0.3111111111111111
NM,cardiovascular,Sex,28,0,0,0.0
NM,copd,Race/Ethnicity,118,73,5,0.6460176991150443
NM,copd,Sex,36,1,0,0.027777777777777776
NM,diabetes,Race/Ethnicity,63,27,0,0.42857142857142855
NM,diabetes,Sex,18,0,0,0.0
NV,asthma,Race/Ethnicity,63,46,0,0.7301587301587301
NV,asthma,Sex,18,6,0,0.3333333333333333
NV,cardiovascular,Race/Ethnicity,90,18,0,0.2
NV,cardiovascular,Sex,28,0,0,0.0
NV,copd,Race/Ethnicity,118,64,5,0.5663716814159292
NV,copd,Sex,36,0,0,0.0
NV,diabetes,Race/Ethnicity,63,16,0,0.25396825396825395
NV,diabetes,Sex,18,0,0,0.0
NY,asthma,Race/Ethnicity,63,22,0,0.3492063492063492
NY,asthma,Sex,18,0,0,0.0
NY,cardiovascular,Race/Ethnicity,90,11,0,0.12222222222222222
NY,cardiovascular,Sex,28,0,0,0.0
NY,copd,Race/Ethnicity,118,43,1,0.36752136752136755
NY,copd,Sex,36,0,0,0.0
NY,diabetes,Race/Ethnicity,63,11,0,0.1746031746031746
NY,diabetes,Sex,18,0,0,0.0
OH,asthma,Race/Ethnicity,63,34,0,0.5396825396825397
OH,asthma,Sex,18,0,0,0.0
OH,cardiovascular,Race/Ethnicity,90,21,0,0.23333333333333334
OH,cardiovascular,Sex,28,0,0,0.0
OH,copd,Race/Ethnicity,118,57,2,0.49137931034482757
OH,copd,Sex,36,0,0,0.0
OH,diabetes,Race/Ethnicity,63,24,0,0.38095238095238093
OH,diabetes,Sex,18,0,0,0.0
OK,asthma,Race/Ethnicity,63,34,0,0.5396825396825397
OK,asthma,Sex,18,2,0,0.1111111111111111
OK,cardiovascular,Race/Ethnicity,90,14,0,0.15555555555555556
OK,cardiovascular,Sex,28,0,0,0.0
OK,copd,Race/Ethnicity,118,46,5,0.40707964601769914
OK,copd,Sex,36,0,0,0.0
OK,diabetes,Race/Ethnicity,63,13,0,0.20634920634920634
OK,diabetes,Sex,18,0,0,0.0
OR,asthma,Race/Ethnicity,63,40,0,0.6349206349206349
OR,asthma,Sex,18,1,0,0.05555555555555555
OR,cardiovascular,Race/Ethnicity,90,17,0,0.18888888888888888
OR,cardiovascular,Sex,28,0,0,0.0
OR,copd,Race/Ethnicity,118,76,5,0.672566371681416
OR,copd,Sex,36,0,0,0.0
OR,diabetes,Race/Ethnicity,63,21,0,0.3333333333333333
OR,diabetes,Sex,18,0,0,0.0
PA,asthma,Race/Ethnicity,63,36,7,0.6428571428571429
PA,asthma,Sex,18,0,2,0.0
PA,cardiovascular,Race/Ethnicity,90,24,14,0.3157894736842105
PA,cardiovascular,Sex,28,0,4,0.0
PA,copd,Race/Ethnicity,118,51,18,0.51
PA,copd,Sex,36,0,4,0.0
PA,diabetes,Race/Ethnicity,63,24,7,0.42857142857142855
PA,diabetes,Sex,18,0,2,0.0
PR,asthma,Race/Ethnicity,35,22,8,0.8148148148148148
PR,asthma,Sex,10,0,0,0.0
PR,cardiovascular,Race/Ethnicity,42,18,18,0.75
PR,cardiovascular,Sex,12,0,0,0.0
PR,copd,Race/Ethnicity,70,33,29,0.8048780487804879
PR,copd,Sex,20,7,0,0.35
PR,diabetes,Race/Ethnicity,35,22,8,0.8148148148148148
PR,diabetes,Sex,10,0,0,0.0
RI,asthma,Race/Ethnicity,63,44,0,0.6984126984126984
RI,asthma,Sex,18,8,0,0.4444444444444444
RI,cardiovascular,Race/Ethnicity,90,34,0,0.37777777777777777
RI,cardiovascular,Sex,28,0,0,0.0
RI,copd,Race/Ethnicity,118,83,3,0.7217391304347827
RI,copd,Sex,36,0,0,0.0
RI,diabetes,Race/Ethnicity,63,26,0,0.4126984126984127
RI,diabetes,Sex,18,0,0,0.0
SC,asthma,Race/Ethnicity,63,39,0,0.6190476190476191
SC,asthma,Sex,18,1,0,0.05555555555555555
SC,cardiovascular,Race/Ethnicity,90,29,0,0.32222222222222224
SC,cardiovascular,Sex,28,0,0,0.0
SC,copd,Race/Ethnicity,118,66,6,0.5892857142857143
SC,copd,Sex,36,0,0,0.0
SC,diabetes,Race/Ethnicity,63,25,0,0.3968253968253968
SC,diabetes,Sex,18,0,0,0.0
SD,asthma,Race/Ethnicity,63,51,0,0.8095238095238095
SD,asthma,Sex,18,8,0,0.4444444444444444
SD,cardiovascular,Race/Ethnicity,90,50,0,0.5555555555555556
SD,cardiovascular,Sex,28,0,0,0.0
SD,copd,Race/Ethnicity,118,77,7,0.6936936936936937
SD,copd,Sex,36,0,0,0.0
SD,diabetes,Race/Ethnicity,63,40,0,0.6349206349206349
SD,diabetes,Sex,18,0,0,0.0
TN,asthma,Race/Ethnicity,63,38,0,0.6031746031746031
TN,asthma,Sex,18,0,0,0.0
TN,cardiovascular,Race/Ethnicity,90,32,1,0.3595505617977528
TN,cardiovascular,Sex,28,0,0,0.0
TN,copd,Race/Ethnicity,118,72,4,0.631578947368421
TN,copd,Sex,36,0,0,0.0
TN,diabetes,Race/Ethnicity,63,29,0,0.4603174603174603
TN,diabetes,Sex,18,0,0,0.0
TX,asthma,Race/Ethnicity,63,32,0,0.5079365079365079
TX,asthma,Sex,18,0,0,0.0
TX,cardiovascular,Race/Ethnicity,90,9,0,0.1
TX,cardiovascular,Sex,28,0,0,0.0
TX,copd,Race/Ethnicity,118,48,3,0.41739130434782606
TX,copd,Sex,36,0,0,0.0
TX,diabetes,Race/Ethnicity,63,14,0,0.2222222222222222
TX,diabetes,Sex,18,0,0,0.0
UT,asthma,Race/Ethnicity,63,43,0,0.6825396825396826
UT,asthma,Sex,18,8,0,0.4444444444444444
UT,cardiovascular,Race/Ethnicity,90,22,0,0.24444444444444444
UT,cardiovascular,Sex,28,0,0,0.0
UT,copd,Race/Ethnicity,118,84,2,0.7241379310344828
UT,copd,Sex,36,0,0,0.0
UT,diabetes,Race/Ethnicity,63,21,0,0.3333333333333333
UT,diabetes,Sex,18,0,0,0.0
VA,asthma,Race/Ethnicity,63,33,0,0.5238095238095238
VA,asthma,Sex,18,0,0,0.0
VA,cardiovascular,Race/Ethnicity,90,20,0,0.2222222222222222
VA,cardiovascular,Sex,28,0,0,0.0
VA,copd,Race/Ethnicity,118,59,2,0.5086206896551724
VA,copd,Sex,36,0,0,0.0
VA,diabetes,Race/Ethnicity,63,22,0,0.3492063492063492
VA,diabetes,Sex,18,0,0,0.0
VI,asthma,Race/Ethnicity,35,18,14,0.8571428571428571
VI,asthma,Sex,10,2,4,0.3333333333333333
VI,cardiovascular,Race/Ethnicity,42,15,14,0.5357142857142857
VI,cardiovascular,Sex,12,0,4,0.0
VI,copd,Race/Ethnicity,70,36,33,0.972972972972973
VI,copd,Sex,20,10,8,0.8333333333333334
VI,diabetes,Race/Ethnicity,35,15,14,0.7142857142857143
VI,diabetes,Sex,10,0,4,0.0
VT,asthma,Race/Ethnicity,63,49,0,0.7777777777777778
VT,asthma,Sex,18,8,0,0.4444444444444444
VT,cardiovascular,Race/Ethnicity,90,63,3,0.7241379310344828
VT,cardiovascular,Sex,28,0,0,0.0
VT,copd,Race/Ethnicity,118,91,6,0.8125
VT,copd,Sex,36,0,0,0.0
VT,diabetes,Race/Ethnicity,63,50,0,0.7936507936507936
VT,diabetes,Sex,18,0,0,0.0
WA,asthma,Race/Ethnicity,63,28,0,0.4444444444444444
WA,asthma,Sex,18,0,0,0.0
WA,cardiovascular,Race/Ethnicity,90,3,0,0.03333333333333333
WA,cardiovascular,Sex,28,0,0,0.0
WA,copd,Race/Ethnicity,118,42,0,0.3559322033898305
WA,copd,Sex,36,0,0,0.0
WA,diabetes,Race/Ethnicity,63,2,0,0.031746031746031744
WA,diabetes,Sex,18,0,0,0.0
WI,asthma,Race/Ethnicity,63,38,0,0.6031746031746031
WI,asthma,Sex,18,0,0,0.0
WI,cardiovascular,Race/Ethnicity,90,20,1,0.2247191011235955
WI,cardiovascular,Sex,28,0,0,0.0
WI,copd,Race/Ethnicity,118,62,6,0.5535714285714286
WI,copd,Sex,36,0,0,0.0
WI,diabetes,Race/Ethnicity,63,22,0,0.3492063492063492
WI,diabetes,Sex,18,0,0,0.0
WV,asthma,Race/Ethnicity,63,48,1,0.7741935483870968
WV,asthma,Sex,18,8,0,0.4444444444444444
WV,cardiovascular,Race/Ethnicity,90,53,1,0.5955056179775281
WV,cardiovascular,Sex,28,0,0,0.0
WV,copd,Race/Ethnicity,118,81,7,0.7297297297297297
WV,copd,Sex,36,0,0,0.0
WV,diabetes,Race/Ethnicity,63,39,1,0.6290322580645161
WV,diabetes,Sex,18,0,0,0.0
WY,asthma,Race/Ethnicity,63,50,0,0.7936507936507936
WY,asthma,Sex,18,8,0,0.4444444444444444
WY,cardiovascular,Race/Ethnicity,90,53,2,0.6022727272727273
WY,cardiovascular,Sex,28,0,0,0.0
WY,copd,Race/Ethnicity,118,91,7,0.8198198198198198
WY,copd,Sex,36,0,0,0.0
WY,diabetes,Race/Ethnicity,63,36,0,0.5714285714285714
WY,diabetes,Sex,18,0,0,0.0
